ano;inep_id;dependencia_id;localizacao_id;ef_1ano;ef_2ano;ef_3ano;ef_4ano;ef_5ano;ef_6ano;ef_7ano;ef_8ano;ef_9ano;ef_total_ai;ef_total_af;ef_total;em_1ano;em_2ano;em_3ano;em_4ano;em_total
2007;35010273;2;1;0;0;0;0;0;10.6;13.6;18;23.2;0;16.5;16.5;20.8;21.3;31.6;0;24
2007;35010285;2;1;0;0;0;0;0;2.1;5.3;9;8.3;0;5.9;5.9;35;24.1;36.1;0;31.8
2007;35035403;2;1;0;0;0;0;0;9.9;9.2;8.1;12.9;0;10.2;10.2;13.8;16.6;10.9;0;13.9
2007;35040708;2;1;0;0;0;0;0;2.5;1.3;2.6;4.5;0;2.9;2.9;8.6;7.3;0;0;6.1
2007;35044878;2;1;0;0;4.6;5.9;12.3;21.3;16.7;18.6;9.5;6.5;17.1;11.9;9.1;17.9;5.6;0;11.4
2007;35046536;2;1;0;0.7;0.7;0.8;2.2;0;0;0;0;1.1;0;1.1;0;0;0;0;0
2007;35046541;2;1;0;0.5;1.4;1.6;2;0;0;0;0;1.4;0;1.4;0;0;0;0;0
2007;35049086;2;1;0;0;0;0;5.9;14.3;11.3;7;12.1;1.7;10.9;7.5;30.6;31.8;25.4;0;29.6
2007;35075152;3;1;0;0;0;0;0;0;0;0;0;0;0;0;0;0;0;0;0
2007;35075164;3;1;0;0;0;0;0;0;0;0;0;0;0;0;0;0;0;0;0
2007;35075176;3;1;0;0;0;0;0;0;0;0;0;0;0;0;0;0;0;0;0
2007;35076405;3;1;0;0;0;0;0;0;0;0;0;0;0;0;0;0;0;0;0
2007;35106793;3;1;0;0;0;0;0;0;0;0;0;0;0;0;0;0;0;0;0
2007;35106963;3;1;0;0;0;0;0;0;0;0;0;0;0;0;0;0;0;0;0
2007;35121551;4;1;5.9;0;0;0;0;7.1;18.8;0;33.3;2;10.6;6.2;0;4.3;16.7;0;4.7
2007;35121691;4;1;0;0;0;0;0;0;0;0;0;0;0;0;0;0;0;0;0
2007;35125349;4;1;6.7;0;0;0;0;0;0;0;4.8;1.6;1.3;1.4;0;0;14.3;0;3.3
2007;35132688;4;2;0;3;0;9.6;6.3;9.8;14.8;8.8;21.7;5.1;13.5;9.3;0;0;0;0;0
2007;35137741;4;2;5.9;3.8;11.5;0;4.1;0;0;0;0;5;0;5;0;0;0;0;0
2007;35144770;4;1;0;0;0;0;0;3.5;2.6;6.9;0;0;3.1;3.1;4.8;2.8;0;0;2.5
2007;35206805;3;1;0;0;7;6.2;11.3;0;0;0;0;3.9;0;3.9;0;0;0;0;0
2007;35236263;3;1;0;0;0;0;0;0;0;0;0;0;0;0;0;0;0;0;0
2007;35247236;3;2;0;14.3;0;0;33.3;0;0;0;0;5.1;0;5.1;0;0;0;0;0
2007;35277836;3;1;0;3;5.1;9.1;10.4;18.2;3;11.1;11.5;5.3;10.9;7.4;0;0;0;0;0
2007;35277848;3;1;0;3.7;3.1;7.2;18.7;0;0;0;0;6.7;0;6.7;0;0;0;0;0
2007;35277859;3;1;0;7.5;6.4;0;7.4;0;0;0;0;4.3;0;4.3;0;0;0;0;0
2007;35277861;3;1;0;0;0;7.7;11.1;0;0;0;0;3.2;0;3.2;0;0;0;0;0
2007;35282424;3;1;0;0;0;0;0;0;0;0;0;0;0;0;0;0;0;0;0
2007;35285742;3;1;0;0;0;0;0;0;0;0;0;0;0;0;0;0;0;0;0
2007;35285754;3;1;0;0;0;0;0;0;0;0;0;0;0;0;0;0;0;0;0
2007;35287097;4;1;0;0;0;0;0;0;0;0;0;0;0;0;0;0;0;0;0
2007;35288081;3;1;0;0;0;0;0;0;0;0;0;0;0;0;0;0;0;0;0
2007;35301413;3;1;0;0;0;0;12.5;0;0;0;0;2.4;0;2.4;0;0;0;0;0
2007;35643282;3;1;0;0;0;0;0;0;0;0;0;0;0;0;0;0;0;0;0
2007;35643312;3;1;0;0;0;0;0;0;0;0;0;0;0;0;0;0;0;0;0
2007;35659137;3;1;0.6;0;3.3;0;12.9;9.5;6.5;9.7;8.9;3.1;8.6;5.3;0;0;0;0;0
2007;35659800;3;1;0;0;0;0;0;0;0;0;0;0;0;0;0;0;0;0;0
2007;35664200;3;2;0;9.1;14.3;0;35.7;0;0;0;0;15.9;0;15.9;0;0;0;0;0
2007;35664224;3;1;0;5.9;0;6.7;18.2;0;0;0;0;2.8;0;2.8;0;0;0;0;0
2007;35902160;2;1;0;0;0;0;0;19.4;12.1;7.1;17.4;0;14.6;14.6;18.4;34.8;27.8;0;25
2007;35904181;2;1;0;0;0;0;0;6.7;9.2;4.5;8.8;0;7.6;7.6;28.6;21.7;18.2;0;24.2
2007;35904193;2;1;0;3.3;0;0;7.5;3.4;9.3;13.3;20;2.8;11.1;6.8;0;0;0;0;0
2007;35912402;2;1;0;0;3.6;5.7;8.9;0;0;0;0;4.8;0;4.8;0;0;0;0;0
2007;35914782;2;1;0;0;0;0;0;9;11.2;12;20.9;0;13.3;13.3;18.4;18.6;11.1;0;16.9
2007;35914848;2;1;0;7.4;3.8;13.3;9.1;8.8;22.7;20.3;17.6;8.6;17.3;13.1;29.1;17.1;0;0;24
2007;35917084;2;1;0;0;0;2;4.1;0;0;0;0;1.7;0;1.7;0;0;0;0;0
2007;35918672;2;1;0;3.3;2.8;3.8;3;0;0;0;0;3.2;0;3.2;0;0;0;0;0
2007;35918817;2;1;0;4;0;10.5;14.8;0;0;4;11.1;7.8;4;5.8;0;0;0;0;0
2007;35918830;2;1;0;0;0;0;6.5;0;0;0;0;1.7;0;1.7;0;0;0;0;0
2007;35919007;2;1;0;0;1.1;2.2;1.3;0;0;0;0;1.2;0;1.2;0;0;0;0;0
2007;35920058;2;1;0;6.1;6.9;8.3;6.9;0;0;0;0;7;0;7;0;0;0;0;0
2008;35010273;2;1;0;0;0;0;0;5.6;11.7;8;14.5;0;10.1;10.1;15.9;13.9;15.6;0;15.1
2008;35010285;2;1;0;0;0;0;0;4.5;3;4.7;9.9;0;5.5;5.5;34.4;20.5;19.6;0;25.6
2008;35035403;2;1;0;0;0;0;0;12.4;13;11.5;8.3;0;11.1;11.1;20;14.2;15.6;0;17
2008;35040708;2;1;0;0;0;0;0;1.3;2.5;2.5;2.5;0;2.2;2.2;4.7;7.3;13.3;0;8
2008;35044878;2;1;0;0;0;3.3;11.1;16.4;22.1;15.4;15.9;4.7;17.5;12;10;4.3;16.7;0;10.4
2008;35046536;2;1;0;0.8;1.4;0.7;2.2;0;0;0;0;1.3;0;1.3;0;0;0;0;0
2008;35046541;2;1;0;0.5;0.5;1;1.7;0;0;0;0;0.9;0;0.9;0;0;0;0;0
2008;35049086;2;1;0;0;0;5.1;1.3;7.9;16.5;10.2;11;1.6;11.1;7.6;25.6;20.5;27.1;0;24.1
2008;35075152;3;1;0;0;0;0;0;0;0;0;0;0;0;0;0;0;0;0;0
2008;35075164;3;1;0;0;0;0;0;0;0;0;0;0;0;0;0;0;0;0;0
2008;35075176;3;1;0;0;0;0;0;0;0;0;0;0;0;0;0;0;0;0;0
2008;35076405;3;1;0;0;0;0;0;0;0;0;0;0;0;0;0;0;0;0;0
2008;35106793;3;1;0;0;0;0;0;0;0;0;0;0;0;0;0;0;0;0;0
2008;35106963;3;1;0;0;0;0;0;0;0;0;0;0;0;0;0;0;0;0;0
2008;35121551;4;1;5.9;0;0;0;12.5;5.9;12.5;4.3;0;2.6;6.1;4.4;5.9;9.1;3.7;0;6.1
2008;35121691;4;1;0;0;0;0;0;0;0;0;0;0;0;0;0;0;0;0;0
2008;35125349;4;1;16.7;0;0;0;0;0;0;0;0;1.7;0;0.7;0;0;0;0;0
2008;35132688;4;2;0;0;6.9;2.9;8.2;4.5;16.4;12.8;8.5;4.1;10.4;7.1;0;0;0;0;0
2008;35137741;4;2;0;8.5;7.5;9.3;0;0;0;0;0;5;0;5;0;0;0;0;0
2008;35144770;4;1;0;0;0;0;0;2.9;4;5.1;7.9;0;5;5;0;11.8;3.2;0;3.9
2008;35206805;3;1;0;2.4;5.8;9.2;4.8;0;0;0;0;3.5;0;3.5;0;0;0;0;0
2008;35236263;3;1;0;0;0;0;0;0;0;0;0;0;0;0;0;0;0;0;0
2008;35247236;3;2;0;0;0;0;0;0;0;0;0;0;0;0;0;0;0;0;0
2008;35277836;3;1;0;0;10.5;2.9;12.7;10;15.2;0;0;5.5;12;7.3;0;0;0;0;0
2008;35277848;3;1;0;3.2;7.2;6.5;7.2;0;0;0;0;4.9;0;4.9;0;0;0;0;0
2008;35277859;3;1;1.1;0;7.8;10;4;0;0;0;0;4.5;0;4.5;0;0;0;0;0
2008;35277861;3;1;0;0;13.3;14.3;18.2;0;0;0;0;9.5;0;9.5;0;0;0;0;0
2008;35282424;3;1;0;0;0;0;0;0;0;0;0;0;0;0;0;0;0;0;0
2008;35284973;3;1;0;0;0;0;0;0;0;0;0;0;0;0;0;0;0;0;0
2008;35285742;3;1;0;0;0;0;0;0;0;0;0;0;0;0;0;0;0;0;0
2008;35285754;3;1;0;0;0;0;0;0;0;0;0;0;0;0;0;0;0;0;0
2008;35287097;4;1;0;0;0;0;0;0;0;0;0;0;0;0;0;0;0;0;0
2008;35288081;3;1;0;0;0;0;0;0;0;0;0;0;0;0;0;0;0;0;0
2008;35301413;3;1;0;0;0;0;0;0;0;0;0;0;0;0;0;0;0;0;0
2008;35643282;3;1;0;0;0;0;0;0;0;0;0;0;0;0;0;0;0;0;0
2008;35643312;3;1;0;0;0;0;0;0;0;0;0;0;0;0;0;0;0;0;0
2008;35659137;3;1;0;3.6;4;3.2;9.1;10.3;12.1;0;0;2.9;11.2;4.7;0;0;0;0;0
2008;35659800;3;1;0;0;0;0;0;0;0;0;0;0;0;0;0;0;0;0;0
2008;35664200;3;2;0;0;15.8;7.1;7.7;0;0;0;0;6;0;6;0;0;0;0;0
2008;35664224;3;1;0;0;5.6;6.7;5.9;0;0;0;0;1.6;0;1.6;0;0;0;0;0
2008;35902160;2;1;0;0;0;0;0;12.3;17.7;11.5;15;0;14.1;14.1;35.6;21.4;31.6;0;29.2
2008;35904181;2;1;0;0;0;0;0;6.1;7.6;5.5;12.5;0;7.4;7.4;21.9;20.8;25.9;0;22.2
2008;35904193;2;1;0;0;1.9;0;0;5.7;5.8;4;11.6;0.5;6.6;3.5;0;0;0;0;0
2008;35912402;2;1;0;2.2;0;5.6;11.9;0;0;0;0;5.4;0;5.4;0;0;0;0;0
2008;35914782;2;1;0;0;0;0;0;14.1;15.5;11.8;21.4;0;15.9;15.9;27;7.5;18.3;0;20
2008;35914848;2;1;0;6.1;0;8;10;7.9;6.2;18.2;12.5;6.2;10.9;8.8;9.1;21.6;15.2;0;15.5
2008;35917084;2;1;0;4.8;0;0;5.8;0;0;0;0;2.9;0;2.9;0;0;0;0;0
2008;35918672;2;1;0;0;3.6;2.8;3.8;0;0;0;0;2.7;0;2.7;0;0;0;0;0
2008;35918817;2;1;0;0;4.2;0;18.2;11.8;11.1;0;6.5;6.3;8.1;7.4;0;0;0;0;0
2008;35918830;2;1;0;0;2.8;10.7;0;0;0;0;0;3;0;3;0;0;0;0;0
2008;35919007;2;1;0;0;0;0;2.2;0;0;0;0;0.6;0;0.6;0;0;0;0;0
2008;35920058;2;1;0;0;6.5;8;12;0;0;0;0;7.3;0;7.3;0;0;0;0;0
2009;35010273;2;1;0;0;0;0;0;2.5;6.3;10.6;14.1;0;8.3;8.3;18.2;16.5;16.4;0;17
2009;35010285;2;1;0;0;0;0;0;5;8;6.8;7;0;6.8;6.8;34.2;21.2;26.3;0;27.1
2009;35035403;2;1;0;0;0;0;0;10.3;13.9;8.5;10.9;0;10.9;10.9;16.1;13.7;17.3;0;15.7
2009;35040708;2;1;0;0;0;0;0;0.8;1.3;3.8;3.8;0;2.2;2.2;2;1.5;6.3;0;2.8
2009;35044878;2;1;0;0;0;4.4;7.5;12.7;8.2;17.4;8.2;3.4;11.7;8.1;12.5;6.5;3.7;0;8.8
2009;35046536;2;1;0;0.9;0;0;0;0;0;0;0;0.2;0;0.2;0;0;0;0;0
2009;35046541;2;1;0;0.8;0;0.5;1.4;0;0;0;0;0.6;0;0.6;0;0;0;0;0
2009;35049086;2;1;0;0;3.6;0;10.8;9.3;5.6;13;17.1;4.1;11.2;8.8;25;29.1;23.3;0;25.6
2009;35075152;3;1;0;0;0;0;0;0;0;0;0;0;0;0;0;0;0;0;0
2009;35075164;3;1;0;0;0;0;0;0;0;0;0;0;0;0;0;0;0;0;0
2009;35075176;3;1;0;0;0;0;0;0;0;0;0;0;0;0;0;0;0;0;0
2009;35076405;3;1;0;0;0;0;0;0;0;0;0;0;0;0;0;0;0;0;0
2009;35106793;3;1;0;0;0;0;0;0;0;0;0;0;0;0;0;0;0;0;0
2009;35106963;3;1;0;0;0;0;0;0;0;0;0;0;0;0;0;0;0;0;0
2009;35121551;4;1;11.1;0;0;4.8;0;3.8;3;12.9;10;3.3;7.5;5.7;0;9.1;0;0;1.9
2009;35121691;4;1;0;0;0;0;0;0;0;0;0;0;0;0;0;0;0;0;0
2009;35125349;4;1;12.5;0;0;0;0;0;0;0;0;3.1;0;1.4;0;0;0;0;0
2009;35132688;4;2;0;0;1.6;5.9;8.6;5.3;7.9;17.2;13.2;4.5;11.2;7.7;0;0;0;0;0
2009;35137741;4;2;0;5.7;9.6;8.5;11.1;0;0;0;0;7.4;0;7.4;0;0;0;0;0
2009;35144770;4;1;0;0;0;0;0;0;3.2;5.6;5.9;0;3.7;3.7;3.7;3.7;11.8;0;5.6
2009;35206805;3;1;0.6;0.7;4.3;6.3;5.7;0;0;0;0;3.1;0;3.1;0;0;0;0;0
2009;35236263;3;1;0;0;0;0;0;0;0;0;0;0;0;0;0;0;0;0;0
2009;35247236;3;2;1.5;28.6;0;16.7;33.3;0;0;0;0;7.4;0;7.4;0;0;0;0;0
2009;35277836;3;1;3.8;11.1;3.6;18.2;7.9;7;13.7;0;0;9;10.2;9.4;0;0;0;0;0
2009;35277848;3;1;0;1.7;2.6;8.8;11.5;0;0;0;0;5;0;5;0;0;0;0;0
2009;35277859;3;1;0;0;3.8;10.2;6.3;0;0;0;0;4.2;0;4.2;0;0;0;0;0
2009;35277861;3;1;0;0;7.7;16.7;7.4;0;0;0;0;9.3;0;9.3;0;0;0;0;0
2009;35282424;3;1;0;0;0;0;0;0;0;0;0;0;0;0;0;0;0;0;0
2009;35284973;3;1;0;0;0;0;0;0;0;0;0;0;0;0;0;0;0;0;0
2009;35285742;3;1;0;0;0;0;0;0;0;0;0;0;0;0;0;0;0;0;0
2009;35285754;3;1;0;0;0;0;0;0;0;0;0;0;0;0;0;0;0;0;0
2009;35287097;4;1;0;0;0;0;0;0;0;0;0;0;0;0;0;0;0;0;0
2009;35288081;3;1;0;0;0;0;0;0;0;0;0;0;0;0;0;0;0;0;0
2009;35301413;3;1;0;0;0;0;0;0;0;0;0;0;0;0;0;0;0;0;0
2009;35405413;3;1;0;0;0;8.3;0;0;0;0;0;0.7;0;0.7;0;0;0;0;0
2009;35428838;3;2;0;0;0;0;0;0;0;0;0;0;0;0;0;0;0;0;0
2009;35429168;4;1;0;0;0;0;0;0;0;0;0;0;0;0;13.3;0;16.7;0;9.4
2009;35431266;3;1;0;0;0;0;0;0;0;0;0;0;0;0;0;0;0;0;0
2009;35431278;3;1;0;0;0;0;0;0;0;0;0;0;0;0;0;0;0;0;0
2009;35643282;3;1;0;0;0;0;0;0;0;0;0;0;0;0;0;0;0;0;0
2009;35643312;3;1;0;0;0;0;0;0;0;0;0;0;0;0;0;0;0;0;0
2009;35659137;3;1;0.7;0;1.8;0;4.8;10.3;9.7;0;0;1.4;10;3.6;0;0;0;0;0
2009;35659800;3;1;0;0;0;0;0;0;0;0;0;0;0;0;0;0;0;0;0
2009;35664200;3;2;5.9;0;0;0;0;0;0;0;0;2.8;0;2.8;0;0;0;0;0
2009;35664224;3;1;0;4.8;0;0;10.5;0;0;0;0;1.5;0;1.5;0;0;0;0;0
2009;35902160;2;1;0;0;0;0;0;8.7;11.3;14.8;16;0;12.3;12.3;26.3;31.7;25.8;0;28.6
2009;35904181;2;1;0;0;0;0;0;3.8;7.8;10.1;7.1;0;7.1;7.1;20;15.4;19.6;0;18.3
2009;35904193;2;1;0;4.3;0;1.8;1.8;1.8;13.7;1.9;2.2;2;4.8;3.4;0;0;0;0;0
2009;35912402;2;1;0;0;0;2.2;8.9;0;0;0;0;3.1;0;3.1;0;0;0;0;0
2009;35914782;2;1;0;0;0;0;0;9.8;19.7;11.7;9.8;0;12.5;12.5;17;20.1;7.1;0;15.9
2009;35914848;2;1;0;12.5;2.1;1.9;12.7;13.6;10.4;3.6;15.4;7.4;10.9;9.3;10.5;12.9;27.3;0;15.7
2009;35917084;2;1;0;0;4.9;4.8;4;0;0;0;0;3.4;0;3.4;0;0;0;0;0
2009;35918672;2;1;0;0;4.2;7.4;0;0;0;0;0;2.6;0;2.6;0;0;0;0;0
2009;35918817;2;1;0;0;0;3.8;0;6.9;16.1;0;0;1.3;6.1;4.1;0;0;0;0;0
2009;35918830;2;1;0;3;0;0;10;0;0;0;0;3;0;3;0;0;0;0;0
2009;35919007;2;1;0;0;0;0;1.1;0;0;0;0;0.3;0;0.3;0;0;0;0;0
2009;35920058;2;1;0;0;5;6.3;12.1;0;0;0;0;6.7;0;6.7;0;0;0;0;0
2010;35010273;2;1;0;0;0;0;0;6.5;3.8;5.1;10.2;0;6.5;6.5;20.1;17.4;16.7;0;18.1
2010;35010285;2;1;0;0;0;0;0;0;7.5;5.8;5.9;0;6.4;6.4;13.1;17.7;17.4;0;16.3
2010;35035403;2;1;0;0;0;0;0;8.6;11.6;15;11.9;0;11.3;11.3;18.5;10.6;7.8;0;13.2
2010;35040708;2;1;0;0;0;0;0;0;0.8;2.5;2.5;0;1.3;1.3;6.4;0;0;0;2.4
2010;35044878;2;1;0;0;3;2.9;6.4;7.9;14.3;10.6;20.5;3.1;13.2;9.7;14.8;18.4;12.1;0;15.4
2010;35046536;2;1;0;1;1.6;0.7;1.5;0;0;0;0;1;0;1;0;0;0;0;0
2010;35046541;2;1;0;0;1.4;0;0.5;0;0;0;0;0.4;0;0.4;0;0;0;0;0
2010;35049086;2;1;0;0;0;3.7;0;7.9;7.7;9.7;13.7;1;9.3;6.5;7.7;2.6;0;0;5.3
2010;35075152;3;1;0;0;0;0;0;0;0;0;0;0;0;0;0;0;0;0;0
2010;35075164;3;1;0;0;0;0;0;0;0;0;0;0;0;0;0;0;0;0;0
2010;35075176;3;1;0;0;0;0;0;0;0;0;0;0;0;0;0;0;0;0;0
2010;35076405;3;1;0;0;0;0;0;0;0;0;0;0;0;0;0;0;0;0;0
2010;35106793;3;1;0;0;0;0;0;0;0;0;0;0;0;0;0;0;0;0;0
2010;35106963;3;1;0;0;0;0;0;0;0;0;0;0;0;0;0;0;0;0;0
2010;35107372;3;1;0;6.8;0;0;0;0;0;0;0;3.8;0;3.8;0;0;0;0;0
2010;35121551;4;1;0;7.7;0;0;4.5;0;3.3;10.3;11.5;2.6;6.3;4.8;7.4;0;0;0;3.4
2010;35121691;4;1;0;0;0;0;0;0;0;0;0;0;0;0;0;0;0;0;0
2010;35125349;4;1;0;5;0;0;0;0;0;7.4;0;1.2;2.1;1.7;0;0;0;0;0
2010;35132688;4;2;0;0;0;0;9.5;9.5;2.8;8.9;13.5;2.4;9.2;6.1;0;0;0;0;0
2010;35137741;4;2;0;1.8;6.9;10.2;7.3;0;0;0;0;5.5;0;5.5;0;0;0;0;0
2010;35144770;4;1;0;0;0;0;0;0;3.4;3.8;5.7;0;3.1;3.1;8.7;4.3;3.7;0;5.5
2010;35206805;3;1;0;1.5;2;3.6;7.3;0;0;0;0;2.9;0;2.9;0;0;0;0;0
2010;35236263;3;1;0;0;0;0;0;0;0;0;0;0;0;0;0;0;0;0;0
2010;35247236;3;2;0;0;0;30;16.7;0;0;0;0;4.2;0;4.2;0;0;0;0;0
2010;35277836;3;1;0;0;10.7;10.3;14;5.6;16.9;15.8;0;6.7;13.5;9.5;0;0;0;0;0
2010;35277848;3;1;0;1.5;5.5;5.4;13.2;0;0;0;0;5;0;5;0;0;0;0;0
2010;35277859;3;1;0;3.2;8.3;7.7;9.3;0;0;0;0;5.7;0;5.7;0;0;0;0;0
2010;35277861;3;1;0;0;5.6;9.1;17.6;0;0;0;0;10;0;10;0;0;0;0;0
2010;35282424;3;1;0;0;0;0;0;0;0;0;0;0;0;0;0;0;0;0;0
2010;35284973;3;1;0;0;0;0;0;0;0;0;0;0;0;0;0;0;0;0;0
2010;35285742;3;1;0;0;0;0;0;0;0;0;0;0;0;0;0;0;0;0;0
2010;35285754;3;1;0;0;0;0;0;0;0;0;0;0;0;0;0;0;0;0;0
2010;35287097;4;1;0;0;0;0;0;0;0;0;0;0;0;0;0;0;0;0;0
2010;35288081;3;1;0;0;0;0;0;0;0;0;0;0;0;0;0;0;0;0;0
2010;35301413;3;1;0;0;0;0;12.5;0;0;0;0;2.2;0;2.2;0;0;0;0;0
2010;35405413;3;1;0;0;6.7;0;18.2;0;0;0;0;2.6;0;2.6;0;0;0;0;0
2010;35428838;3;2;0;0;0;0;0;0;0;0;0;0;0;0;0;0;0;0;0
2010;35429168;4;1;0;0;0;0;0;5.6;5;0;0;0;2.6;2.6;0;0;0;0;0
2010;35431266;3;1;0;0;0;0;0;0;0;0;0;0;0;0;0;0;0;0;0
2010;35431278;3;1;0;0;0;0;0;0;0;0;0;0;0;0;0;0;0;0;0
2010;35440164;4;1;0;0;0;0;0;0;0;0;0;0;0;0;0;0;0;0;0
2010;35643282;3;1;0;0;0;0;0;0;0;0;0;0;0;0;0;0;0;0;0
2010;35643312;3;1;0;0;0;0;0;0;0;0;0;0;0;0;0;0;0;0;0
2010;35659137;3;1;2;0;1.8;0;1.6;6.3;9.5;16.9;0;1.3;10.8;4.9;0;0;0;0;0
2010;35659800;3;1;0;0;0;0;0;0;0;0;0;0;0;0;0;0;0;0;0
2010;35664200;3;2;0;7.1;0;0;0;0;0;0;0;2;0;2;0;0;0;0;0
2010;35664224;3;1;0;0;4.3;0;0;0;0;0;0;0.5;0;0.5;0;0;0;0;0
2010;35902160;2;1;0;0;0;0;0;9.8;6.8;10.7;21.6;0;11.9;11.9;18.8;26.3;28.6;0;23.2
2010;35904181;2;1;0;0;0;0;0;8.5;8.1;7.1;10.6;0;8.7;8.7;6.8;14;21.4;0;11.7
2010;35904193;2;1;0;0;3.9;2.4;3.3;1.8;1.8;7.3;4.2;2.6;3.7;3.2;0;0;0;0;0
2010;35912402;2;1;0;2.9;2;2.3;10.2;0;0;0;0;4;0;4;0;0;0;0;0
2010;35914782;2;1;0;0;0;0;0;4.8;13;15.6;17.6;0;13.4;13.4;15.4;17.4;14.7;0;15.9
2010;35914848;2;1;0;11.1;10.3;0;1.7;12.3;14.8;10.1;12.9;4.5;12.4;8.7;10;13;13.9;0;12.1
2010;35917084;2;1;0;0;6.3;7.9;4.3;0;0;0;0;4.6;0;4.6;0;0;0;0;0
2010;35918672;2;1;0;0;0;8;3.7;5.9;8;0;0;3.5;6.8;4.9;0;0;0;0;0
2010;35918817;2;1;0;0;0;0;7.1;0;6.9;13;0;2.7;4.4;3.7;0;0;0;0;0
2010;35918830;2;1;0;0;0;0;3.1;0;0;0;0;0.8;0;0.8;0;0;0;0;0
2010;35919007;2;1;0;0;0;0;1.2;0;0;0;0;0.3;0;0.3;0;0;0;0;0
2010;35920058;2;1;0;0;0;4.3;8.8;0;0;0;0;3.9;0;3.9;0;0;0;0;0
2011;35010273;2;1;0;0;0;0;0;4.1;6.7;3.1;13.6;0;6.8;6.8;11.5;19.6;10.3;0;13.8
2011;35010285;2;1;0;0;0;0;0;3.4;0;8.9;6.4;0;6.5;6.5;14.8;13.6;17.2;0;15
2011;35035403;2;1;0;0;0;0;0;14.1;9.5;10;15.2;0;11.7;11.7;13.3;13.5;8.4;0;11.8
2011;35040708;2;1;0;0;0;0;0;0.7;0.8;0.9;2.5;0;1.1;1.1;0;8.3;0;0;4.4
2011;35044878;2;1;0;0;0;8.8;4.9;12.5;3.4;14.9;13.3;3.2;10.8;8.4;17.9;9.5;11.8;0;13.5
2011;35046536;2;1;0;0;1.1;0.8;1.6;0;0;0;0;0.7;0;0.7;0;0;0;0;0
2011;35046541;2;1;0;0;0;0.7;0.9;0;0;0;0;0.4;0;0.4;0;0;0;0;0
2011;35049086;2;1;0;3.3;2;2.3;3.6;5.1;9.2;5.9;18.3;2.8;9.6;7.4;13.6;5.9;3.1;0;8.4
2011;35075152;3;1;0;0;0;0;0;0;0;0;0;0;0;0;0;0;0;0;0
2011;35075164;3;1;0;0;0;0;0;0;0;0;0;0;0;0;0;0;0;0;0
2011;35075176;3;1;0;0;0;0;0;0;0;0;0;0;0;0;0;0;0;0;0
2011;35076405;3;1;0;0;0;0;0;0;0;0;0;0;0;0;0;0;0;0;0
2011;35106793;3;1;0;0;0;0;0;0;0;0;0;0;0;0;0;0;0;0;0
2011;35106963;3;1;0;0;0;0;0;0;0;0;0;0;0;0;0;0;0;0;0
2011;35107372;3;1;6.7;0;16.3;0;0;0;0;0;0;8.6;0;8.6;0;0;0;0;0
2011;35121551;4;1;0;0;0;0;0;14.3;3.6;3.6;0;0;5.6;3.2;11.1;8.3;0;0;6.8
2011;35121691;4;1;0;0;0;0;0;0;0;0;0;0;0;0;0;0;0;0;0
2011;35125349;4;1;0;4.2;5.6;0;0;0;0;0;3.7;2.1;1.1;1.6;0;0;0;0;0
2011;35132688;4;2;0;0;0;4.8;0;7.1;8.2;6.1;6.5;1.2;7.1;4.4;0;0;0;0;0
2011;35137741;4;2;0;1.7;3;7.9;9.3;0;0;0;0;4.5;0;4.5;0;0;0;0;0
2011;35144770;4;1;0;0;0;0;0;5.6;0;3.1;6.7;0;3.4;3.4;5.7;0;0;0;2.7
2011;35206805;3;1;0;0;1.3;2.7;6.1;0;0;0;0;2.3;0;2.3;0;0;0;0;0
2011;35236263;3;1;0;0;0;0;0;0;0;0;0;0;0;0;0;0;0;0;0
2011;35247236;3;2;0;0;0;0;25;0;0;0;0;7;0;7;0;0;0;0;0
2011;35277836;3;1;0;8.6;3.4;7.4;7.7;8.9;11.3;14.6;17.6;5.2;12.7;8.9;0;0;0;0;0
2011;35277848;3;1;2.2;3.6;6;6.5;9.9;0;0;0;0;5.9;0;5.9;0;0;0;0;0
2011;35277859;3;1;0;0;0;7.1;10.3;0;0;0;0;3.8;0;3.8;0;0;0;0;0
2011;35277861;3;1;0;0;12.5;8.3;0;0;0;0;0;3.7;0;3.7;0;0;0;0;0
2011;35282424;3;1;0;0;0;0;0;0;0;0;0;0;0;0;0;0;0;0;0
2011;35284973;3;1;0;0;0;0;0;0;0;0;0;0;0;0;0;0;0;0;0
2011;35285742;3;1;0;0;0;0;0;0;0;0;0;0;0;0;0;0;0;0;0
2011;35285754;3;1;0;0;0;0;0;0;0;0;0;0;0;0;0;0;0;0;0
2011;35287097;4;1;0;0;0;0;0;0;0;0;0;0;0;0;0;0;0;0;0
2011;35288081;3;1;0;0;0;0;0;0;0;0;0;0;0;0;0;0;0;0;0
2011;35301413;3;1;0;0;0;0;0;0;0;0;0;0;0;0;0;0;0;0;0
2011;35405413;3;1;0;0;0;0;0;0;0;0;0;0;0;0;0;0;0;0;0
2011;35428838;3;2;0;0;0;0;0;0;0;0;0;0;0;0;0;0;0;0;0
2011;35429168;4;1;0;0;0;0;0;0;0;3.4;0;0;1;1;2.7;0;6.7;0;2.7
2011;35431266;3;1;0;0;0;0;0;0;0;0;0;0;0;0;0;0;0;0;0
2011;35431278;3;1;0;0;0;0;0;0;0;0;0;0;0;0;0;0;0;0;0
2011;35440164;4;1;0;0;0;0;0;0;0;0;0;0;0;0;0;0;0;0;0
2011;35452476;3;1;0;0;0;0;0;0;0;0;0;0;0;0;0;0;0;0;0
2011;35643282;3;1;0;0;0;0;0;0;0;0;0;0;0;0;0;0;0;0;0
2011;35643312;3;1;0;0;0;0;0;0;0;0;0;0;0;0;0;0;0;0;0
2011;35659137;3;1;0;3.8;0;2;3;3.4;9.7;5;12.5;2.1;7.4;4.7;0;0;0;0;0
2011;35659800;3;1;0;0;0;0;0;0;0;0;0;0;0;0;0;0;0;0;0
2011;35664200;3;2;8.3;0;12.5;0;0;0;0;0;0;5.4;0;5.4;0;0;0;0;0
2011;35664224;3;1;0;0;0;0;0;0;0;0;0;0;0;0;0;0;0;0;0
2011;35902160;2;1;0;0;0;0;0;7.7;13.4;10;5.7;0;9.5;9.5;20;9.1;31.8;0;19
2011;35904181;2;1;0;0;0;0;0;1.3;10.5;7.8;10.4;0;7.6;7.6;5.9;9.6;6.1;0;7.6
2011;35904193;2;1;0;0;5.1;2.2;4.4;1.8;3.8;3.3;5.5;2.9;3.6;3.3;0;0;0;0;0
2011;35912402;2;1;8.6;3.2;3.6;2.3;5.9;0;0;0;0;4.8;0;4.8;0;0;0;0;0
2011;35914782;2;1;0;0;0;0;0;15.3;9;14.5;18.8;0;14.6;14.6;17.6;17.6;11.8;0;16.3
2011;35914848;2;1;4.8;4.7;9.8;10.5;6.1;2;8.2;12.7;9.4;7.3;8.2;7.8;9.6;7.9;6.3;0;8.2
2011;35917084;2;1;0;0;0;10.6;7.3;0;0;0;0;4.2;0;4.2;0;0;0;0;0
2011;35918672;2;1;0;0;0;0;10.3;0;0;13.3;0;10.3;4.4;5.8;0;0;0;0;0
2011;35918817;2;1;0;0;0;0;6.7;14.7;0;0;9.5;1.6;6.4;4.7;0;0;0;0;0
2011;35918830;2;1;0;3.4;0;0;0;0;0;0;0;0.9;0;0.9;0;0;0;0;0
2011;35919007;2;1;0;0;1.3;0;1.3;0;0;0;0;0.6;0;0.6;0;0;0;0;0
2011;35920058;2;1;0;0;0;0;8;0;0;0;0;2.9;0;2.9;0;0;0;0;0
2012;35010273;2;1;0;0;0;0;0;3;0.6;6.7;4.9;0;3.9;3.9;12.6;12.1;13.7;0;12.8
2012;35010285;2;1;0;0;0;0;0;3;4.5;0;11.9;0;7.3;7.3;12.6;8.4;5.7;0;9.2
2012;35035403;2;1;0;0;0;0;0;8.8;15.5;6.6;21.1;0;11.8;11.8;23.3;20.2;9;0;18.2
2012;35040708;2;1;0;0;0;0;0;0;0;0.8;1.7;0;0.6;0.6;1.3;0;7.7;0;4.1
2012;35044878;2;1;0;0;0;2.9;9.1;5.3;9.6;2.2;15.2;3.4;7.8;6.7;13;17.6;8.1;0;12.9
2012;35046536;2;1;0;0.9;0;1.1;0.8;0;0;0;0;0.5;0;0.5;0;0;0;0;0
2012;35046541;2;1;0.8;0;0.7;0.8;0.6;0;0;0;0;0.5;0;0.5;0;0;0;0;0
2012;35049086;2;1;0;2.9;3.1;4;2.1;8.2;6.9;10.7;8.9;3.1;8.9;7.1;10.8;11.6;2.1;0;8.7
2012;35075152;3;1;0;0;0;0;0;0;0;0;0;0;0;0;0;0;0;0;0
2012;35075164;3;1;0;0;0;0;0;0;0;0;0;0;0;0;0;0;0;0;0
2012;35075176;3;1;0;0;0;0;0;0;0;0;0;0;0;0;0;0;0;0;0
2012;35076405;3;1;0;0;0;0;0;0;0;0;0;0;0;0;0;0;0;0;0
2012;35106793;3;1;0;0;0;0;0;0;0;0;0;0;0;0;0;0;0;0;0
2012;35106963;3;1;0;0;0;0;0;0;0;0;0;0;0;0;0;0;0;0;0
2012;35107372;3;1;0;6.3;2.8;12.1;0;0;0;0;0;7.1;0;7.1;0;0;0;0;0
2012;35121551;4;1;0;0;0;0;0;4.2;8;7.1;12;0;7.8;5;0;5;0;0;1.8
2012;35121691;4;1;0;0;0;0;0;0;0;0;0;0;0;0;0;0;0;0;0
2012;35125349;4;1;0;0;4.3;4.8;0;0;0;4;0;2.2;1.1;1.7;7.7;0;0;0;2.9
2012;35132688;4;2;0;0;0;0;8.3;0;2.4;7.4;6.1;2.1;4.3;3.3;0;0;0;0;0
2012;35137741;4;2;0;3.6;5.2;3.3;9.1;0;0;0;0;4.8;0;4.8;0;0;0;0;0
2012;35144770;4;1;0;0;0;0;0;0;3.2;0;0;0;0.8;0.8;11.5;6.5;0;0;6.8
2012;35206805;3;1;0;0;1.2;1.4;3.4;0;0;0;0;1.7;0;1.7;0;0;0;0;0
2012;35236263;3;1;0;0;0;0;0;0;0;0;0;0;0;0;0;0;0;0;0
2012;35247236;3;2;0;14.3;10;50;7.7;0;0;0;0;10.6;0;10.6;0;0;0;0;0
2012;35277836;3;1;4.3;2.9;7.7;3.8;6.5;7.5;6.8;9.3;12.5;5.2;9;7.2;0;0;0;0;0
2012;35277848;3;1;4.2;4;1.9;7.9;4;0;0;0;0;4.6;0;4.6;0;0;0;0;0
2012;35277859;3;1;0;0;0;0;7.1;0;0;0;0;1.5;0;1.5;0;0;0;0;0
2012;35277861;3;1;0;0;0;20;5;0;0;0;0;3.9;0;3.9;0;0;0;0;0
2012;35282424;3;1;0;0;0;0;0;0;0;0;0;0;0;0;0;0;0;0;0
2012;35284973;3;1;0;0;0;0;0;0;0;0;0;0;0;0;0;0;0;0;0
2012;35285742;3;1;0;0;0;0;0;0;0;0;0;0;0;0;0;0;0;0;0
2012;35285754;3;1;0;0;0;0;0;0;0;0;0;0;0;0;0;0;0;0;0
2012;35287097;4;1;0;0;0;0;0;0;0;0;0;0;0;0;0;0;0;0;0
2012;35288081;3;1;0;0;0;0;0;0;0;0;0;0;0;0;0;0;0;0;0
2012;35301413;3;1;0;0;0;0;0;0;0;0;0;0;0;0;0;0;0;0;0
2012;35405413;3;1;0;0;0;0;0;0;0;0;0;0;0;0;0;0;0;0;0
2012;35428838;3;2;0;0;0;0;0;0;0;0;0;0;0;0;0;0;0;0;0
2012;35429168;4;1;0;0;0;0;0;0;3.2;3.1;3.2;0;2.5;2.5;0;0;0;0;0
2012;35431266;3;1;0;0;0;0;0;0;0;0;0;0;0;0;0;0;0;0;0
2012;35431278;3;1;0;0;0;0;0;0;0;0;0;0;0;0;0;0;0;0;0
2012;35440164;4;1;0;0;0;0;0;0;0;0;0;0;0;0;0;0;0;0;0
2012;35452476;3;1;0;0;0;0;0;0;0;0;0;0;0;0;0;0;0;0;0
2012;35465689;3;1;0;0;0;0;0;0;0;0;0;0;0;0;0;0;0;0;0
2012;35466232;4;1;0;0;0;0;0;0;0;0;0;0;0;0;0;0;0;0;0
2012;35643282;3;1;0;0;0;0;0;0;0;0;0;0;0;0;0;0;0;0;0
2012;35643312;3;1;0;0;0;0;0;0;0;0;0;0;0;0;0;0;0;0;0
2012;35659137;3;1;0;0;4.2;0;3.4;9;6.1;6.9;6.6;1.8;7.1;4.7;0;0;0;0;0
2012;35659800;3;1;0;0;0;0;0;0;0;0;0;0;0;0;0;0;0;0;0
2012;35664200;3;2;0;7.7;6.3;8.3;0;0;0;0;0;4.4;0;4.4;0;0;0;0;0
2012;35664224;3;1;7.1;4.2;0;0;3.6;0;0;0;0;2.6;0;2.6;0;0;0;0;0
2012;35902160;2;1;0;0;0;0;0;10;7.5;7;10.3;0;8.7;8.7;14.8;27;16.7;0;19
2012;35904181;2;1;0;0;0;0;0;3.4;8.1;4.2;13.8;0;7.5;7.5;18.2;5.7;11.3;0;12.6
2012;35904193;2;1;0;0;0;5.3;4.4;5.9;3.8;7.5;5.5;2.4;5.7;4.3;0;0;0;0;0
2012;35912402;2;1;4.2;7.7;0;3.4;2.2;0;0;0;0;3.7;0;3.7;0;0;0;0;0
2012;35914782;2;1;0;0;0;0;0;7.6;15.3;12.7;19.6;0;14;14;28.3;16.5;10.3;0;19.3
2012;35914848;2;1;2.8;10.5;6;12.2;11.1;6.5;8.6;9.8;16.4;8.4;10.6;9.6;5.9;10.5;3.2;0;6.7
2012;35917084;2;1;0;3.2;3;0;13.2;0;0;0;0;4.8;0;4.8;0;0;0;0;0
2012;35918672;2;1;0;0;0;0;0;19.4;0;0;7.7;0;6.7;6.7;0;0;0;0;0
2012;35918817;2;1;0;0;0;8.3;0;0;3.2;0;3.6;1.8;1.8;1.8;0;0;0;0;0
2012;35918830;2;1;0;0;4.3;0;2.9;0;0;0;0;1.7;0;1.7;0;0;0;0;0
2012;35919007;2;1;0;2;0;1.4;2.9;0;0;0;0;1.4;0;1.4;0;0;0;0;0
2012;35920058;2;1;0;0;0;0;0;0;0;0;0;0;0;0;0;0;0;0;0
2013;35010273;2;1;0;0;0;0;0;7.2;3.7;1.2;6.3;0;4.4;4.4;11;17.3;10.2;0;13
2013;35010285;2;1;0;0;0;0;0;1.9;4;5.1;0;0;3.8;3.8;14.6;9.5;7.8;0;10.3
2013;35035403;2;1;0;0;0;0;0;4.6;9.8;11.4;8.7;0;8.2;8.2;24.8;18.7;7.7;0;18.3
2013;35040708;2;1;0;0;0;0;0;0;0;0;1.7;0;0.5;0.5;2.6;1.4;0;0;2.1
2013;35044878;2;1;0;0;0;0;3.1;7.3;7.3;12.9;8.4;1.2;9.2;7.6;19;9.4;14.5;0;14.6
2013;35046536;2;1;0;0.9;2.5;1.9;1.2;0;0;0;0;1.4;0;1.4;0;0;0;0;0
2013;35046541;2;1;0;0.8;0;0;0;0;0;0;0;0.1;0;0.1;0;0;0;0;0
2013;35049086;2;1;0;2.6;0;3.4;4.1;8;7.6;5.6;14;2.7;9.3;7.4;9.6;4.4;13.9;0;8.7
2013;35075152;3;1;0;0;0;0;0;0;0;0;0;0;0;0;0;0;0;0;0
2013;35075164;3;1;0;0;0;0;0;0;0;0;0;0;0;0;0;0;0;0;0
2013;35075176;3;1;0;0;0;0;0;0;0;0;0;0;0;0;0;0;0;0;0
2013;35076405;3;1;0;0;0;0;0;0;0;0;0;0;0;0;0;0;0;0;0
2013;35106793;3;1;0;0;0;0;0;0;0;0;0;0;0;0;0;0;0;0;0
2013;35106963;3;1;0;0;0;0;0;0;0;0;0;0;0;0;0;0;0;0;0
2013;35107372;3;1;0;0;11.8;0;6.1;0;0;0;0;4.8;0;4.8;0;0;0;0;0
2013;35121551;4;1;0;0;0;0;0;5.6;4;0;3.4;0;3.3;2.2;0;0;0;0;0
2013;35121691;4;1;0;0;0;0;0;0;0;0;0;0;0;0;0;0;0;0;0
2013;35125349;4;1;0;0;0;0;3.6;0;0;4.2;6.5;0.9;3;1.9;3;7.7;0;0;3.8
2013;35132688;4;2;0;2.8;0;0;0;7.9;0;2.4;7.6;0.7;4.8;3;0;0;0;0;0
2013;35137741;4;2;0;7.1;14.3;8.8;5;0;0;0;0;7.4;0;7.4;0;0;0;0;0
2013;35144770;4;1;2.2;0;14.7;9.1;0;9.4;0;6.1;0;5.2;3.9;4.7;0;3.6;0;0;1
2013;35206805;3;1;0;0;0;1.2;2.9;0;0;0;0;1.2;0;1.2;0;0;0;0;0
2013;35236263;3;1;0;0;0;0;0;0;0;0;0;0;0;0;0;0;0;0;0
2013;35247236;3;2;0;8.3;14.3;0;40;0;0;0;0;10.5;0;10.5;0;0;0;0;0
2013;35277836;3;1;4.5;3.7;11.8;2.8;3.7;5.3;11.4;5;4.7;5.5;6.7;6.1;0;0;0;0;0
2013;35277848;3;1;3.2;6.5;5.8;2.2;3.3;0;0;0;0;4.2;0;4.2;0;0;0;0;0
2013;35277859;3;1;0;3.7;0;3.1;0;0;0;0;0;1.6;0;1.6;0;0;0;0;0
2013;35277861;3;1;0;0;0;0;20;0;0;0;0;2.6;0;2.6;0;0;0;0;0
2013;35282424;3;1;0;0;0;0;0;0;0;0;0;0;0;0;0;0;0;0;0
2013;35284973;3;1;0;0;0;0;0;0;0;0;0;0;0;0;0;0;0;0;0
2013;35285742;3;1;0;0;0;0;0;0;0;0;0;0;0;0;0;0;0;0;0
2013;35285754;3;1;0;0;0;0;4.3;0;0;0;0;0.9;0;0.9;0;0;0;0;0
2013;35287097;4;1;0;0;0;0;0;0;0;0;0;0;0;0;0;0;0;0;0
2013;35288081;3;1;0;0;0;0;0;0;0;0;0;0;0;0;0;0;0;0;0
2013;35301413;3;1;0;5;0;11.1;0;0;0;0;0;4.1;0;4.1;0;0;0;0;0
2013;35405413;3;1;0;0;0;0;0;0;0;0;0;0;0;0;0;0;0;0;0
2013;35428838;3;2;0;0;0;0;0;0;0;0;0;0;0;0;0;0;0;0;0
2013;35429168;4;1;0;0;0;0;0;0;0;6.3;3.3;0;2.8;2.8;0;0;0;0;0
2013;35431266;3;1;0;0;0;0;0;0;0;0;0;0;0;0;0;0;0;0;0
2013;35431278;3;1;0;0;0;0;0;0;0;0;0;0;0;0;0;0;0;0;0
2013;35440164;4;1;0;0;0;0;0;0;0;0;0;0;0;0;0;0;0;0;0
2013;35452476;3;1;0;0;0;0;0;0;0;0;0;0;0;0;0;0;0;0;0
2013;35465689;3;1;0;0;0;0;0;0;0;0;0;0;0;0;0;0;0;0;0
2013;35466232;4;1;0;0;0;0;0;0;0;0;0;0;0;0;0;0;0;0;0
2013;35483011;3;1;0;0;0;0;0;0;0;0;0;0;0;0;0;0;0;0;0
2013;35643282;3;1;0;0;0;0;0;0;0;0;0;0;0;0;0;0;0;0;0
2013;35643312;3;1;0;0;0;0;0;0;0;0;0;0;0;0;0;0;0;0;0
2013;35659137;3;1;0;0;2.6;4.3;4.2;9.5;6.9;6.8;7;2.6;7.6;5.4;0;0;0;0;0
2013;35659800;3;1;0;0;0;0;0;0;0;0;0;0;0;0;0;0;0;0;0
2013;35664200;3;2;0;0;12.5;13.3;18.8;0;0;0;0;8.6;0;8.6;0;0;0;0;0
2013;35664224;3;1;0;5;4;3.4;0;0;0;0;0;2.5;0;2.5;0;0;0;0;0
2013;35902160;2;1;0;0;0;0;0;9.7;2.3;9.8;8.1;0;7.8;7.8;8.2;8.7;21.4;0;11.4
2013;35904181;2;1;0;0;0;0;0;2.7;0;5.5;9.6;0;4.8;4.8;13;17.6;2.9;0;12.3
2013;35904193;2;1;0;0;0;0;3;2.4;2;3.7;3.8;0.7;3.1;2.1;0;0;0;0;0
2013;35912402;2;1;2;2;9.3;0;3.6;0;0;0;0;3.6;0;3.6;0;0;0;0;0
2013;35914782;2;1;0;0;0;0;0;4.1;7.2;13.5;11.7;0;9;9;25.9;19.9;6.4;0;18.8
2013;35914848;2;1;0;7.3;14.3;13.5;17.8;10.5;6.3;7;15.8;11.1;10;10.6;8.7;4.3;3.6;0;5.8
2013;35917084;2;1;0;2.8;0;0;0;0;0;0;0;0.6;0;0.6;0;0;0;0;0
2013;35918672;2;1;0;0;0;0;0;2.9;20;0;0;0;6;6;0;0;0;0;0
2013;35918817;2;1;0;0;0;0;5.9;0;3.4;6.5;3.6;2;3.4;3;0;0;0;0;0
2013;35918830;2;1;3.6;0;3.6;0;0;0;0;0;0;1.6;0;1.6;0;0;0;0;0
2013;35919007;2;1;4.9;0;1.7;2.7;2.4;0;0;0;0;2.3;0;2.3;0;0;0;0;0
2013;35920058;2;1;0;4.8;0;0;5.7;0;0;0;0;3.7;0;3.7;0;0;0;0;0
2014;35010273;2;1;0;0;0;0;0;3;6.7;3.1;5.2;0;4.5;4.5;11.7;12.2;9.7;0;11.3
2014;35010285;2;1;0;0;0;0;0;0.6;1.8;3.6;5.7;0;3;3;5.8;4.5;8.1;0;6.4
2014;35035403;2;1;0;0;0;0;0;7.2;7.2;6.8;17.7;0;9.6;9.6;18.5;19.9;14.7;0;18.1
2014;35040708;2;1;0;0;0;0;0;2.8;0;0;0.7;0;0.7;0.7;2.5;1.9;0;0;1.7
2014;35044878;2;1;0;0;0;0;3.6;2.4;6.7;9.6;11.1;1.9;8.6;7.5;10.2;8.9;6.5;0;8.9
2014;35046536;2;1;2.4;0;0;1.7;2.1;0;0;0;0;1.2;0;1.2;0;0;0;0;0
2014;35046541;2;1;0;0;0.8;0;0;0;0;0;0;0.1;0;0.1;0;0;0;0;0
2014;35049086;2;1;0;0;5.9;0;5.7;7.5;8.9;5.5;8;2.5;7.6;6;12;5.9;4.7;0;8
2014;35075152;3;1;0;0;0;0;0;0;0;0;0;0;0;0;0;0;0;0;0
2014;35075164;3;1;0;0;0;0;0;0;0;0;0;0;0;0;0;0;0;0;0
2014;35075176;3;1;0;0;0;0;0;0;0;0;0;0;0;0;0;0;0;0;0
2014;35076405;3;1;1.9;0;0;0;0;0;0;0;0;1.9;0;1.9;0;0;0;0;0
2014;35106793;3;1;0;0;0;0;0;0;0;0;0;0;0;0;0;0;0;0;0
2014;35106963;3;1;0;0;0;0;0;0;0;0;0;0;0;0;0;0;0;0;0
2014;35107372;3;1;0;0;0;0;3.4;0;0;0;0;2.3;0;2.3;0;0;0;0;0
2014;35121551;4;1;0;0;0;0;0;0;0;6.3;0;0;1.9;1.3;0;0;0;0;0
2014;35121691;4;1;0;0;0;0;0;0;0;0;0;0;0;0;0;0;0;0;0
2014;35125349;4;1;0;0;0;0;0;3.7;0;3.3;0;0;1.9;0.8;3.8;0;0;0;1.4
2014;35132688;4;2;0;1.7;1.7;0;0;0;8.1;0;2.5;1;2.6;1.7;0;0;0;0;0
2014;35137741;4;2;4;1.8;14.7;12.3;8;0;0;0;0;7.7;0;7.7;0;0;0;0;0
2014;35144770;4;1;0;4.7;9.7;3.6;6.8;0;6.7;0;6.1;5;3.4;4.4;2.6;3;0;0;2.1
2014;35206805;3;1;0;0;3.3;2;2.2;0;0;0;0;1.4;0;1.4;0;0;0;0;0
2014;35236263;3;1;0;0;0;0;0;0;0;0;0;0;0;0;0;0;0;0;0
2014;35247236;3;2;11.1;0;16.7;0;0;0;0;0;0;7.3;0;7.3;0;0;0;0;0
2014;35277836;3;1;0;8.3;3.6;15.6;2.9;2.9;4.5;13.3;5.7;6.6;7;6.8;0;0;0;0;0
2014;35277848;3;1;1.6;3.6;13;4.5;2.2;0;0;0;0;5;0;5;0;0;0;0;0
2014;35277859;3;1;0;0;0;0;3.1;0;0;0;0;0.8;0;0.8;0;0;0;0;0
2014;35277861;3;1;8.3;11.1;0;0;9.1;0;0;0;0;6.4;0;6.4;0;0;0;0;0
2014;35282424;3;1;0;0;0;0;0;0;0;0;0;0;0;0;0;0;0;0;0
2014;35284973;3;1;0;0;0;0;0;0;0;0;0;0;0;0;0;0;0;0;0
2014;35285742;3;1;0;0;0;0;0;0;0;0;0;0;0;0;0;0;0;0;0
2014;35285754;3;1;9.1;4.5;0;0;0;0;0;0;0;3.2;0;3.2;0;0;0;0;0
2014;35287097;4;1;0;0;0;0;0;0;0;0;0;0;0;0;0;0;0;0;0
2014;35288081;3;1;0;0;0;0;0;0;0;0;0;0;0;0;0;0;0;0;0
2014;35301413;3;1;0;12.5;4.8;11.8;4.2;0;0;0;0;6.1;0;6.1;0;0;0;0;0
2014;35405413;3;1;0;0;0;0;0;0;0;0;0;0;0;0;0;0;0;0;0
2014;35428838;3;2;0;0;0;0;0;0;0;0;0;0;0;0;0;0;0;0;0
2014;35429168;4;1;0;0;0;0;0;0;4.2;0;7.1;0;2.9;2.9;2.6;2.6;0;0;1.9
2014;35431266;3;1;0;0;0;0;0;0;0;0;0;0;0;0;0;0;0;0;0
2014;35431278;3;1;0;0;0;0;0;0;0;0;0;0;0;0;0;0;0;0;0
2014;35440164;4;1;0;0;0;0;0;0;0;0;0;0;0;0;0;0;0;0;0
2014;35452476;3;1;0;0;0;0;0;0;0;0;0;0;0;0;0;0;0;0;0
2014;35465689;3;1;0;0;0;0;0;0;0;0;0;0;0;0;0;0;0;0;0
2014;35466232;4;1;0;0;0;0;0;0;0;0;0;0;0;0;0;0;0;0;0
2014;35483011;3;1;0;0;0;0;0;0;0;0;0;0;0;0;0;0;0;0;0
2014;35643282;3;1;0;0;0;0;0;0;0;0;0;0;0;0;0;0;0;0;0
2014;35643312;3;1;0;0;0;0;0;0;0;0;0;0;0;0;0;0;0;0;0
2014;35659137;3;1;0;0;12.9;2.4;11.1;2;13.8;6.7;6.3;5.4;7.7;6.6;0;0;0;0;0
2014;35659800;3;1;0;0;0;0;0;0;0;0;0;0;0;0;0;0;0;0;0
2014;35664200;3;2;0;0;4.8;16.7;12.5;0;0;0;0;6.2;0;6.2;0;0;0;0;0
2014;35664224;3;1;0;0;5.9;3.7;0;0;0;0;0;1.7;0;1.7;0;0;0;0;0
2014;35902160;2;1;0;0;0;0;0;0;8.6;4.8;12.8;0;7;7;14.5;11.4;12.5;0;12.9
2014;35904181;2;1;0;0;0;0;0;6.1;4.3;2.3;9.1;0;5.5;5.5;11.8;9.7;10.5;0;10.8
2014;35904193;2;1;0;2;0;1.9;0;1.7;4.4;1.7;3.8;1;2.8;2;0;0;0;0;0
2014;35912402;2;1;2.8;0;1.9;6.8;3.7;0;0;0;0;2.8;0;2.8;0;0;0;0;0
2014;35914782;2;1;0;0;0;0;0;4.2;6.3;10.1;16.4;0;9.4;9.4;19.5;28.3;17.1;0;22
2014;35914848;2;1;5.4;3.2;11.1;14.3;9.6;19.6;15.4;7.3;10.7;8.6;13.2;10.9;11.1;11.1;7.3;0;9.8
2014;35917084;2;1;0;0;5.4;0;2.8;0;0;0;0;1.9;0;1.9;0;0;0;0;0
2014;35918672;2;1;0;0;0;0;0;0;9.7;8.8;3.8;0;5.9;5.9;0;0;0;0;0
2014;35918817;2;1;0;0;0;0;0;0;6.7;0;4;0;2.9;2.9;0;0;0;0;0
2014;35918830;2;1;0;0;0;4.3;0;0;0;0;0;0.8;0;0.8;0;0;0;0;0
2014;35919007;2;1;0;2.8;0;2;2.7;0;0;0;0;1.7;0;1.7;0;0;0;0;0
2014;35920058;2;1;3.4;0;3.1;0;0;0;0;0;0;2.1;0;2.1;0;0;0;0;0
2015;35010273;2;1;0;0;0;0;0;2.9;3;7.5;3.7;0;4.4;4.4;4;6.5;3;0;4.4
2015;35010285;2;1;0;0;0;0;0;2.1;0.7;0.9;5.9;0;2.3;2.3;3.9;4.1;5;0;4.4
2015;35035403;2;1;0;0;0;0;0;17.1;8.1;3.5;10;0;8;8;19.5;14;10.9;0;14.9
2015;35040708;2;1;0;0;0;0;0;1.7;0;0;0;0;0.5;0.5;0.6;1.9;2.5;0;1.4
2015;35044878;2;1;0;0;0;0;7.7;7.8;6.7;3.7;7.1;7.7;6.4;6.5;9.7;7.6;8;0;8.5
2015;35046536;2;1;1;1.3;2.4;0.9;4.4;0;0;0;0;2.1;0;2.1;0;0;0;0;0
2015;35046541;2;1;0;0;0;0.9;1.1;0;0;0;0;0.4;0;0.4;0;0;0;0;0
2015;35049086;2;1;0;0;0;0;0;5.9;9;3.1;5.4;0;5.7;3.6;4.2;5.5;3.9;0;4.6
2015;35075152;3;1;0;0;0;0;0;0;0;0;0;0;0;0;0;0;0;0;0
2015;35075164;3;1;0;0;0;0;0;0;0;0;0;0;0;0;0;0;0;0;0
2015;35075176;3;1;0;0;0;0;0;0;0;0;0;0;0;0;0;0;0;0;0
2015;35076405;3;1;0;0;0;0;0;0;0;0;0;0;0;0;0;0;0;0;0
2015;35106793;3;1;0;0;0;0;0;0;0;0;0;0;0;0;0;0;0;0;0
2015;35106963;3;1;0;0;0;0;0;0;0;0;0;0;0;0;0;0;0;0;0
2015;35107372;3;1;0;0;0;0;5.9;0;0;0;0;5.9;0;5.9;0;0;0;0;0
2015;35121551;4;1;0;0;0;0;0;3.3;0;3.8;2.9;0;2.5;1.7;0;4;0;0;1.6
2015;35121691;4;1;0;0;0;0;0;0;0;0;0;0;0;0;0;0;0;0;0
2015;35125349;4;1;0;0;0;0;0;0;3.4;0;0;0;0.8;0.3;0;4.3;0;0;1.4
2015;35132688;4;2;0;3.3;1.6;3.2;2.6;0;2.6;8.6;0;2.1;2.6;2.3;0;0;0;0;0
2015;35137741;4;2;1.9;8.3;5;19.4;10.2;0;0;0;0;7.9;0;7.9;0;0;0;0;0
2015;35144770;4;1;2.7;2.9;7;12.9;3;6.3;7.4;7.4;0;5.6;5.6;5.6;5.3;0;2.9;0;2.7
2015;35206805;3;1;1.3;2.2;2.3;6.5;5.1;0;0;0;0;3.2;0;3.2;0;0;0;0;0
2015;35236263;3;1;0;0;0;0;0;0;0;0;0;0;0;0;0;0;0;0;0
2015;35247236;3;2;0;8.3;12.5;18.2;0;0;0;0;0;8;0;8;0;0;0;0;0
2015;35277836;3;1;3.6;0;10.7;9.7;12.9;5.4;6.3;7.1;12.5;8;7.9;8;0;0;0;0;0
2015;35277848;3;1;2.9;0;7.9;12.2;6.1;0;0;0;0;5.5;0;5.5;0;0;0;0;0
2015;35277859;3;1;0;0;4.8;3.4;0;0;0;0;0;1.6;0;1.6;0;0;0;0;0
2015;35277861;3;1;0;10;9.1;20;8.3;0;0;0;0;8;0;8;0;0;0;0;0
2015;35282424;3;1;0;0;0;0;0;0;0;0;0;0;0;0;0;0;0;0;0
2015;35284973;3;1;0;0;0;0;0;0;0;0;0;0;0;0;0;0;0;0;0
2015;35285742;3;1;0;0;0;0;0;0;0;0;0;0;0;0;0;0;0;0;0
2015;35285754;3;1;4.8;5;0;0;0;0;0;0;0;2.1;0;2.1;0;0;0;0;0
2015;35287097;4;1;0;0;0;0;0;0;0;0;0;0;0;0;0;0;0;0;0
2015;35288081;3;1;0;0;0;0;0;0;0;0;0;0;0;0;0;0;0;0;0
2015;35301413;3;1;0;0;7.1;0;0;0;0;0;0;1.1;0;1.1;0;0;0;0;0
2015;35405413;3;1;0;0;0;0;0;0;0;0;0;0;0;0;0;0;0;0;0
2015;35428838;3;2;0;0;0;0;0;0;0;0;0;0;0;0;0;0;0;0;0
2015;35429168;4;1;0;0;0;0;0;0;0;0;0;0;0;0;8.1;2.6;3.1;0;4.7
2015;35431266;3;1;0;0;0;0;0;0;0;0;0;0;0;0;0;0;0;0;0
2015;35431278;3;1;0;0;0;0;0;0;0;0;0;0;0;0;0;0;0;0;0
2015;35440164;4;1;0;0;0;0;0;0;0;0;0;0;0;0;0;0;0;0;0
2015;35452476;3;1;0;0;0;0;0;0;0;0;0;0;0;0;0;0;0;0;0
2015;35465689;3;1;0;0;0;0;0;0;0;0;0;0;0;0;0;0;0;0;0
2015;35466232;4;1;2.6;3.8;0;0;0;0;0;0;0;1.9;0;1.9;0;0;0;0;0
2015;35483011;3;1;0;0;0;0;0;0;0;0;0;0;0;0;0;0;0;0;0
2015;35643282;3;1;0;0;0;0;0;0;0;0;0;0;0;0;0;0;0;0;0
2015;35643312;3;1;0;0;0;0;0;0;0;0;0;0;0;0;0;0;0;0;0
2015;35659137;3;1;0;2.6;9.7;7.4;0;4.4;7.1;6.4;9.5;3.4;6.8;5.1;0;0;0;0;0
2015;35659800;3;1;0;0;0;0;0;0;0;0;0;0;0;0;0;0;0;0;0
2015;35664200;3;2;0;0;8.3;5;10;0;0;0;0;4.2;0;4.2;0;0;0;0;0
2015;35664224;3;1;0;0;0;11.8;8.3;0;0;0;0;3.7;0;3.7;0;0;0;0;0
2015;35902160;2;1;0;0;0;0;0;2.6;6.7;12.1;12.5;0;9;9;17.8;17.5;8.6;0;15.3
2015;35904181;2;1;0;0;0;0;0;2.5;4.7;6.3;5.6;0;4.8;4.8;16.8;8.6;5.4;0;10.8
2015;35904193;2;1;0;1.6;1.6;2.4;3.6;1.4;1.5;4.8;3.6;2.3;2.6;2.4;0;0;0;0;0
2015;35912402;2;1;0;3.7;0;2;5.4;0;0;0;0;2;0;2;0;0;0;0;0
2015;35914782;2;1;0;0;0;0;0;8.1;4.7;4.6;15.3;0;8.4;8.4;17.4;16.2;16.2;0;16.6
2015;35914848;2;1;2.9;5.1;3.7;10.7;15.4;11.1;22.2;17.8;16.3;7.1;16.6;12.3;10.6;10.3;7.4;0;9.7
2015;35917084;2;1;2.9;0;2.8;0;3.1;0;0;0;0;1.8;0;1.8;0;0;0;0;0
2015;35918672;2;1;0;0;0;0;0;7.7;8.3;13;3.4;0;7.8;7.8;0;0;0;0;0
2015;35918817;2;1;0;0;0;0;0;4.3;0;0;4.3;0;2.1;2.1;0;0;0;0;0
2015;35918830;2;1;3.6;0;0;0;4.8;0;0;0;0;1.6;0;1.6;0;0;0;0;0
2015;35919007;2;1;0;1.3;1.3;1.8;2.1;0;0;0;0;1.3;0;1.3;0;0;0;0;0
2015;35920058;2;1;0;2.7;0;5.7;0;0;0;0;0;2.8;0;2.8;0;0;0;0;0
2016;35010273;0;0;0;0;0;0;0;6.6;5.7;2;8.4;0;5.7;5.7;6.1;3.4;5.9;0;5
2016;35010273;2;1;0;0;0;0;0;6.6;5.7;2;8.4;0;5.7;5.7;6.1;3.4;5.9;0;5
2016;35010285;0;0;0;0;0;0;0;2.9;2.7;2.4;2.9;0;2.7;2.7;3.1;3.7;7.2;0;4.2
2016;35010285;2;1;0;0;0;0;0;2.9;2.7;2.4;2.9;0;2.7;2.7;3.1;3.7;7.2;0;4.2
2016;35035403;0;0;0;0;0;0;0;6.3;17.6;8.9;6.5;0;7.8;7.8;18.6;15.7;5.5;0;13.6
2016;35035403;2;1;0;0;0;0;0;6.3;17.6;8.9;6.5;0;7.8;7.8;18.6;15.7;5.5;0;13.6
2016;35040708;0;0;0;0;0;0;0;0;6.1;0;4.9;0;3;3;0;1.4;4.8;0;2.2
2016;35040708;2;1;0;0;0;0;0;0;6.1;0;4.9;0;3;3;0;1.4;4.8;0;2.2
2016;35044878;0;0;0;0;0;0;0;8.5;4.2;2;8.3;0;6;6;7;6.6;1.7;0;5.3
2016;35044878;2;1;0;0;0;0;0;8.5;4.2;2;8.3;0;6;6;7;6.6;1.7;0;5.3
2016;35046536;0;0;1.6;0;1.2;1.3;1.9;0;0;0;0;1.2;0;1.2;0;0;0;0;0
2016;35046536;2;1;1.6;0;1.2;1.3;1.9;0;0;0;0;1.2;0;1.2;0;0;0;0;0
2016;35046541;0;0;0;1.5;0.8;0;0.9;0;0;0;0;0.6;0;0.6;0;0;0;0;0
2016;35046541;2;1;0;1.5;0.8;0;0.9;0;0;0;0;0.6;0;0.6;0;0;0;0;0
2016;35049086;0;0;0;0;1.7;1.6;0;4.8;8.7;8.5;8;1;7.7;5.1;5.4;5.5;4.9;0;5.3
2016;35049086;2;1;0;0;1.7;1.6;0;4.8;8.7;8.5;8;1;7.7;5.1;5.4;5.5;4.9;0;5.3
2016;35075152;0;0;0;0;0;0;0;0;0;0;0;0;0;0;0;0;0;0;0
2016;35075152;3;1;0;0;0;0;0;0;0;0;0;0;0;0;0;0;0;0;0
2016;35075164;0;0;0;0;0;0;0;0;0;0;0;0;0;0;0;0;0;0;0
2016;35075164;3;1;0;0;0;0;0;0;0;0;0;0;0;0;0;0;0;0;0
2016;35121551;0;0;0;0;0;0;0;0;2.9;0;8;0;2.7;1.9;0;0;5;0;1.5
2016;35121551;4;1;0;0;0;0;0;0;2.9;0;8;0;2.7;1.9;0;0;5;0;1.5
2016;35125349;0;0;0;0;0;0;0;0;0;3.6;0;0;0.7;0.3;3.7;0;0;0;1.3
2016;35125349;4;1;0;0;0;0;0;0;0;3.6;0;0;0.7;0.3;3.7;0;0;0;1.3
2016;35132688;0;0;0;1.5;2.8;1.4;2.9;2.5;0;2.6;8.8;1.8;3.3;2.2;0;0;0;0;0
2016;35132688;4;2;0;1.5;2.8;1.4;2.9;2.5;0;2.6;8.8;1.8;3.3;2.2;0;0;0;0;0
2016;35137741;0;0;0;1.7;10;5;14.3;0;0;0;0;5.4;0;5.4;0;0;0;0;0
2016;35137741;4;2;0;1.7;10;5;14.3;0;0;0;0;5.4;0;5.4;0;0;0;0;0
2016;35144770;0;0;0;0;0;5.3;7.4;0;4.5;0;10;2.6;3.9;3.2;0;3.3;0;0;1
2016;35144770;4;1;0;0;0;5.3;7.4;0;4.5;0;10;2.6;3.9;3.2;0;3.3;0;0;1
2016;35206805;0;0;0;1.3;0;8;5.8;0;0;0;0;3.1;0;3.1;0;0;0;0;0
2016;35206805;3;1;0;1.3;0;8;5.8;0;0;0;0;3.1;0;3.1;0;0;0;0;0
2016;35247236;0;0;0;0;12.5;14.3;28.6;0;0;0;0;8.9;0;8.9;0;0;0;0;0
2016;35247236;3;2;0;0;12.5;14.3;28.6;0;0;0;0;8.9;0;8.9;0;0;0;0;0
2016;35277836;0;0;0;6.1;4.3;7.7;9.7;11.4;8.8;3.6;5.6;5.8;7.5;6.6;0;0;0;0;0
2016;35277836;3;1;0;6.1;4.3;7.7;9.7;11.4;8.8;3.6;5.6;5.8;7.5;6.6;0;0;0;0;0
2016;35277848;0;0;1.4;1.6;3.3;8.6;9.8;0;0;0;0;4.6;0;4.6;0;0;0;0;0
2016;35277848;3;1;1.4;1.6;3.3;8.6;9.8;0;0;0;0;4.6;0;4.6;0;0;0;0;0
2016;35277859;0;0;0;2.3;0;4.2;3.3;0;0;0;0;1.8;0;1.8;0;0;0;0;0
2016;35277859;3;1;0;2.3;0;4.2;3.3;0;0;0;0;1.8;0;1.8;0;0;0;0;0
2016;35277861;0;0;33.3;0;9.1;22.2;0;0;0;0;0;10.5;0;10.5;0;0;0;0;0
2016;35277861;3;1;33.3;0;9.1;22.2;0;0;0;0;0;10.5;0;10.5;0;0;0;0;0
2016;35285754;0;0;4.2;0;12.5;0;0;0;0;0;0;3.8;0;3.8;0;0;0;0;0
2016;35285754;3;1;4.2;0;12.5;0;0;0;0;0;0;3.8;0;3.8;0;0;0;0;0
2016;35301413;0;0;0;0;10.5;7.7;0;0;0;0;0;3.5;0;3.5;0;0;0;0;0
2016;35301413;3;1;0;0;10.5;7.7;0;0;0;0;0;3.5;0;3.5;0;0;0;0;0
2016;35405413;0;0;8.3;0;0;0;7.7;0;0;0;0;3.1;0;3.1;0;0;0;0;0
2016;35405413;3;1;8.3;0;0;0;7.7;0;0;0;0;3.1;0;3.1;0;0;0;0;0
2016;35429168;0;0;0;0;0;0;0;0;0;3.3;0;0;1.1;0.8;0;4.1;2.4;0;2.3
2016;35429168;4;1;0;0;0;0;0;0;0;3.3;0;0;1.1;0.8;0;4.1;2.4;0;2.3
2016;35466232;0;0;0;0;6.7;0;0;0;0;0;0;1.5;0;1.4;0;0;0;0;0
2016;35466232;4;1;0;0;6.7;0;0;0;0;0;0;1.5;0;1.4;0;0;0;0;0
2016;35659137;0;0;1.4;0;2.6;9.1;2.9;4.3;4.3;2.3;11.4;2.7;5.5;4;0;0;0;0;0
2016;35659137;3;1;1.4;0;2.6;9.1;2.9;4.3;4.3;2.3;11.4;2.7;5.5;4;0;0;0;0;0
2016;35664200;0;0;0;0;6.3;11.1;5.6;0;0;0;0;4.1;0;4.1;0;0;0;0;0
2016;35664200;3;2;0;0;6.3;11.1;5.6;0;0;0;0;4.1;0;4.1;0;0;0;0;0
2016;35664224;0;0;0;0;0;0;9.5;0;0;0;0;1.2;0;1.2;0;0;0;0;0
2016;35664224;3;1;0;0;0;0;9.5;0;0;0;0;1.2;0;1.2;0;0;0;0;0
2016;35902160;0;0;0;0;0;0;0;0;7.8;4.8;17;0;8.3;8.3;9.3;16.3;16;0;14
2016;35902160;2;1;0;0;0;0;0;0;7.8;4.8;17;0;8.3;8.3;9.3;16.3;16;0;14
2016;35904181;0;0;0;0;0;0;0;10.2;1.3;7.3;8.4;0;6.6;6.6;11;12.9;3.8;0;9.6
2016;35904181;2;1;0;0;0;0;0;10.2;1.3;7.3;8.4;0;6.6;6.6;11;12.9;3.8;0;9.6
2016;35904193;0;0;0;0;3.7;4.8;4.2;3.4;0;1.6;4.7;4.2;2.2;3.1;0;0;0;0;0
2016;35904193;2;1;0;0;3.7;4.8;4.2;3.4;0;1.6;4.7;4.2;2.2;3.1;0;0;0;0;0
2016;35912402;0;0;3.1;0;3.1;7.1;4;0;0;0;0;3.8;0;3.8;0;0;0;0;0
2016;35912402;2;1;3.1;0;3.1;7.1;4;0;0;0;0;3.8;0;3.8;0;0;0;0;0
2016;35914782;0;0;0;0;0;0;0;7.2;7.9;6.2;10.7;0;8.3;8.3;16.5;11.6;10.8;0;13.1
2016;35914782;2;1;0;0;0;0;0;7.2;7.9;6.2;10.7;0;8.3;8.3;16.5;11.6;10.8;0;13.1
2016;35914848;0;0;2.9;8.1;14.3;6.5;10.7;13.9;10.2;20.9;18.4;8.7;15.8;12.3;10.3;8.3;7.1;0;8.7
2016;35914848;2;1;2.9;8.1;14.3;6.5;10.7;13.9;10.2;20.9;18.4;8.7;15.8;12.3;10.3;8.3;7.1;0;8.7
2016;35917084;0;0;0;2.9;0;10.3;5.4;0;0;0;0;4.1;0;4.1;0;0;0;0;0
2016;35917084;2;1;0;2.9;0;10.3;5.4;0;0;0;0;4.1;0;4.1;0;0;0;0;0
2016;35918672;0;0;0;0;0;0;0;5;0;9.1;10;0;6;6;0;0;0;0;0
2016;35918672;2;1;0;0;0;0;0;5;0;9.1;10;0;6;6;0;0;0;0;0
2016;35918817;0;0;0;0;0;0;0;0;4.2;0;3.4;0;2.2;2.2;0;0;0;0;0
2016;35918817;2;1;0;0;0;0;0;0;4.2;0;3.4;0;2.2;2.2;0;0;0;0;0
2016;35918830;0;0;0;0;0;0;0;0;0;0;0;0;0;0;0;0;0;0;0
2016;35918830;2;1;0;0;0;0;0;0;0;0;0;0;0;0;0;0;0;0;0
2016;35919007;0;0;0;0;3.4;2.5;4.6;0;0;0;0;2.7;0;2.7;0;0;0;0;0
2016;35919007;2;1;0;0;3.4;2.5;4.6;0;0;0;0;2.7;0;2.7;0;0;0;0;0
2016;35920058;0;0;0;0;4.8;0;3.1;0;0;0;0;2.8;0;2.8;0;0;0;0;0
2016;35920058;2;1;0;0;4.8;0;3.1;0;0;0;0;2.8;0;2.8;0;0;0;0;0
2017;35010273;2;1;0;0;0;0;0;2.9;3.1;4.1;3.8;0;3.4;3.4;5.1;4.6;1.4;0;3.6
2017;35010285;2;1;0;0;0;0;0;9.1;3;3.2;2.4;0;3.7;3.7;7.6;3.3;3.3;0;4.7
2017;35035403;2;1;0;0;0;0;0;12.2;5;12.1;10.1;0;8.5;8.5;17;14.8;6.1;0;13
2017;35040708;2;1;0;0;0;0;0;5.9;0;4.7;0;0;2.7;2.7;2.6;0;0.8;0;1.1
2017;35044878;2;1;0;0;0;0;0;5;7.7;11.3;5.7;0;7.5;7.5;12.9;5.3;3.8;0;7.3
2017;35046536;2;1;0.9;1.3;0;1.1;1.4;0;0;0;0;0.9;0;0.9;0;0;0;0;0
2017;35046541;2;1;1.1;0;0.7;1.5;0;0;0;0;0;0.6;0;0.6;0;0;0;0;0
2017;35049086;2;1;0;0;0;0;8.9;6.5;3.8;7.8;10.1;2.8;7.5;5.1;8.8;8.2;2.9;0;7
2017;35075152;3;1;0;0;0;0;0;0;0;0;0;0;0;0;0;0;0;0;0
2017;35075164;3;1;0;0;0;0;0;0;0;0;0;0;0;0;0;0;0;0;0
2017;35121551;4;1;0;0;0;0;0;0;0;2.7;4.8;0;1.8;1.2;10.5;0;0;0;3.8
2017;35125349;4;1;2;0;0;0;0;0;0;0;3.4;0.5;0.7;0.6;0;0;0;0;0
2017;35132688;4;2;0;0;1.4;2.6;0;2.9;2.6;0;2.9;0.8;2.2;1.3;0;0;0;0;0
2017;35137741;4;2;0;0;1.7;10.9;5;0;0;0;0;3.5;0;3.5;0;0;0;0;0
2017;35144770;4;1;0;3.1;0;0;7.7;3;0;2.3;3.2;2.4;2.2;2.3;5.1;0;3.8;0;3.3
2017;35206805;3;1;0.9;0;0;4.4;8;0;0;0;0;2.7;0;2.7;0;0;0;0;0
2017;35247236;3;2;17.6;0;12.5;0;11.1;0;0;0;0;10.4;0;10.4;0;0;0;0;0
2017;35277836;3;1;7.4;0;11.8;9.1;9.1;13.3;8.6;6.7;4.2;7.8;8.4;8.1;0;0;0;0;0
2017;35277848;3;1;0;4.7;3.7;4;8.9;0;0;0;0;4.2;0;4.2;0;0;0;0;0
2017;35277859;3;1;0;0;0;0;4.8;0;0;0;0;0.6;0;0.6;0;0;0;0;0
2017;35277861;3;1;66.7;100;0;0;0;0;0;0;0;59;0;59;0;0;0;0;0
2017;35285754;3;1;0;4.3;0;16;0;0;0;0;0;4.9;0;4.9;0;0;0;0;0
2017;35301413;3;1;0;0;5.6;12.5;12.5;0;0;0;0;5.6;0;5.6;0;0;0;0;0
2017;35405413;3;1;0;10;0;8.3;11.1;0;0;0;0;5.8;0;5.8;0;0;0;0;0
2017;35429168;4;1;0;0;0;0;0;0;0;0;0;0;0;0;0;0;4.7;0;1.8
2017;35466232;4;1;0;0;9.1;0;0;0;0;0;0;2;0;1.4;0;0;0;0;0
2017;35659137;3;1;0;1.8;6.9;4.3;11.8;7.5;8;7.8;7.5;4.6;7.7;6;0;0;0;0;0
2017;35664200;3;2;55;7.7;15;16.7;25;0;0;0;0;27;0;27;0;0;0;0;0
2017;35664224;3;1;0;0;0;0;0;0;0;0;0;0;0;0;0;0;0;0;0
2017;35902160;2;1;0;0;0;0;0;2.7;0;4.3;2.4;0;2.6;2.6;17.8;5.3;21.6;0;15
2017;35904181;2;1;0;0;0;0;0;7.1;7.3;2.6;6.3;0;5.7;5.7;11.1;8.4;14;0;11.2
2017;35904193;2;1;0;0;0;0;3.4;3.8;5.2;0;1.8;1.8;2.7;2.4;0;0;0;0;0
2017;35912402;2;1;0;6.7;0;3.6;6.6;0;0;0;0;3.4;0;3.4;0;0;0;0;0
2017;35914782;2;1;0;0;0;0;0;7.7;8.3;5.8;13.6;0;8.8;8.8;16.3;14.9;9.8;0;14.2
2017;35914848;2;1;6.1;5;6.1;8.3;0;18.9;15;6.7;20.5;5.1;15.1;9.9;21.4;15.8;6.5;0;15.3
2017;35917084;2;1;0;0;5.4;0;8.6;0;0;0;0;3.1;0;3.1;0;0;0;0;0
2017;35918672;2;1;0;0;0;0;0;4.2;0;0;8.7;0;3.6;3.6;0;0;0;0;0
2017;35918817;2;1;0;0;0;0;0;0;5.6;4.2;0;0;2.5;2.5;0;0;0;0;0
2017;35918830;2;1;0;0;0;0;0;0;0;0;0;0;0;0;0;0;0;0;0
2017;35919007;2;1;0;1.6;1.3;4.8;2.5;0;0;0;0;2.7;0;2.7;0;0;0;0;0
2017;35920058;2;1;0;0;0;2.6;0;0;0;0;0;1.4;0;1.4;0;0;0;0;0
2018;35010273;2;1;0;0;0;0;0;6.2;3.8;2;2.8;0;3.9;3.9;5.8;7.8;4.7;0;6
2018;35010285;2;1;0;0;0;0;0;1.7;3.4;2.9;3.5;0;3;3;3.4;5.9;2.8;0;4
2018;35035403;2;1;0;0;0;0;0;5.1;4.4;4.3;3.3;0;4.4;4.4;14.8;12.4;1.4;0;9.5
2018;35040708;2;1;0;0;0;0;0;1.9;7.1;0;6.9;0;3.9;3.9;2.5;2.5;0;0;1.7
2018;35044878;2;1;0;0;0;0;0;11;9.2;7.5;14.1;0;10.5;10.5;11.9;6.9;4.5;0;7.8
2018;35046536;2;1;0;1.8;2;0;2.2;0;0;0;0;1.2;0;1.2;0;0;0;0;0
2018;35046541;2;1;0.7;0.9;0.9;0;2.9;0;0;0;0;1.1;0;1.1;0;0;0;0;0
2018;35049086;2;1;0;1.6;2;1.5;1.6;8.6;8.3;5.7;6.8;1.7;7.5;4.6;9.4;6.5;3;0;6.3
2018;35075152;3;1;0;0;0;0;0;0;0;0;0;0;0;0;0;0;0;0;0
2018;35075164;3;1;0;0;0;0;0;0;0;0;0;0;0;0;0;0;0;0;0
2018;35121551;4;1;0;0;0;0;0;0;0;0;0;0;0;0;4.5;13.3;0;0;5.6
2018;35125349;4;1;0;2.1;0;0;0;0;4.2;2.4;0;0.4;1.6;0.8;0;0;0;0;0
2018;35132688;4;2;0;0;1.4;2.8;3.9;1.4;2.8;5.1;0;1.6;2.2;1.9;0;0;0;0;0
2018;35137741;4;2;0;0;0;0;6;0;0;0;0;1.1;0;1.1;0;0;0;0;0
2018;35144770;4;1;0;2.9;3.4;0;0;5.8;3.2;0;2.3;1.2;3;2.2;0;3.1;0;0;1.2
2018;35206805;3;1;3.2;1;0;0;2.4;0;0;0;0;1.3;0;1.3;0;0;0;0;0
2018;35247236;3;2;11.1;0;0;12.5;0;0;0;0;0;3.8;0;3.8;0;0;0;0;0
2018;35277836;3;1;0;7.7;3.3;15.8;3.7;6.7;4;8.3;4.2;6.3;6.2;6.2;0;0;0;0;0
2018;35277848;3;1;3.4;0;5.1;6.3;7.5;0;0;0;0;4.5;0;4.5;0;0;0;0;0
2018;35277859;3;1;0;0;0;2.3;0;0;0;0;0;0.5;0;0.5;0;0;0;0;0
2018;35277861;3;1;69.2;0;33.3;0;12.5;0;0;0;0;28.9;0;28.9;0;0;0;0;0
2018;35285754;3;1;0;0;8.3;4.5;21.7;0;0;0;0;7.1;0;7.1;0;0;0;0;0
2018;35301413;3;1;0;0;6.3;13.3;5.9;0;0;0;0;4;0;4;0;0;0;0;0
2018;35405413;3;1;0;0;9.1;9.1;14.3;0;0;0;0;6.6;0;6.6;0;0;0;0;0
2018;35429168;4;1;0;0;0;0;0;4.5;0;0;0;0;1.4;0.7;0;0;0;0;0
2018;35466232;4;1;0;0;0;3.2;0;0;4;0;0;0.7;1.2;0.9;0;0;0;0;0
2018;35659137;3;1;0;0;2;3.8;2.2;16.1;3.1;0;4.8;1.6;5.4;3;0;0;0;0;0
2018;35664200;3;2;12.5;0;8.3;0;11.1;0;0;0;0;6.5;0;6.5;0;0;0;0;0
2018;35664224;3;1;0;1.9;0;0;0;0;0;0;0;0.5;0;0.5;0;0;0;0;0
2018;35902160;2;1;0;0;0;0;0;3.1;8.3;3.8;2.1;0;4.2;4.2;8.6;10;14;0;11
2018;35904181;2;1;0;0;0;0;0;3.7;8.3;5.8;3.9;0;5.2;5.2;4.5;12.3;4.6;0;7.1
2018;35904193;2;1;0;0;0;0;0;2.9;5.1;3.6;0;0;2.9;2.4;0;0;0;0;0
2018;35912402;2;1;0;0;9.7;4.4;2.9;0;0;0;0;3.1;0;3.1;0;0;0;0;0
2018;35914782;2;1;0;0;0;0;0;8.5;7.7;11.5;11;0;9.8;9.8;21.6;16;14;0;17.3
2018;35914848;2;1;0;0;7.5;8.3;6.3;5.4;13.3;12.2;11.4;4.9;10.5;7.6;21.3;17.9;8.3;0;16.4
2018;35917084;2;1;0;8.1;0;5;0;0;0;0;0;2.7;0;2.7;0;0;0;0;0
2018;35918672;2;1;0;0;0;0;0;3.1;5;0;0;0;2.3;2.3;0;0;0;0;0
2018;35918817;2;1;0;0;0;0;0;4.3;4.8;5.9;5;0;4.9;4.9;0;0;0;0;0
2018;35918830;2;1;0;0;0;3.6;0;0;0;0;0;0.7;0;0.7;0;0;0;0;0
2018;35919007;2;1;0;1.4;1.4;1.3;2.5;0;0;0;0;1.7;0;1.7;0;0;0;0;0
2018;35920058;2;1;0;0;0;0;5;0;0;0;0;2.2;0;2.2;0;0;0;0;0
2019;35010273;2;1;0;0;0;0;0;3.3;6.6;6.7;2.9;0;5;5;0;5.4;3.8;0;3.3
2019;35010285;2;1;0;0;0;0;0;5.9;4.6;10.3;6.9;0;6.8;6.8;4.7;2.6;4.8;0;3.9
2019;35035403;2;1;0;0;0;0;0;1.5;7.2;5.2;1.8;0;3.6;3.6;16.1;14.6;3.5;0;10.6
2019;35040708;2;1;0;0;0;0;0;3.1;1.9;7.2;2.7;0;3.5;3.5;7.8;2.6;2.6;0;4.7
2019;35044878;2;1;0;0;0;0;0;7.6;15.2;10.1;7.8;0;10.5;10.5;8.3;10.3;1.9;0;7.2
2019;35046536;2;1;1.2;0;0.9;2.9;1.9;0;0;0;0;1.5;0;1.5;0;0;0;0;0
2019;35046541;2;1;0.8;0;1.7;1.7;0.7;0;0;0;0;0.9;0;0.9;0;0;0;0;0
2019;35049086;2;1;0;0;1.9;3.9;3;1.7;6.8;7.1;4.3;2.2;5;3.6;8.6;11.1;1.2;0;6.2
2019;35075152;3;1;0;0;0;0;0;0;0;0;0;0;0;0;0;0;0;0;0
2019;35075164;3;1;0;0;0;0;0;0;0;0;0;0;0;0;0;0;0;0;0
2019;35121551;4;1;0;0;6.3;7.1;0;0;0;0;0;2.4;0;1.2;4;0;6.7;0;3.3
2019;35125349;4;1;0;0;0;0;0;2.2;0;9.1;0;0;2.2;0.8;0;0;0;0;0
2019;35132688;4;2;0;0;0;1.3;1.3;2.4;1.3;2.9;5;0.5;2.6;1.4;0;0;0;0;0
2019;35137741;4;2;0;0;0;1.9;0;0;0;0;0;0.4;0;0.4;0;0;0;0;0
2019;35144770;4;1;0;0;5.9;0;0;0;7;2.9;2.3;1.2;3.3;2.3;3.7;0;6.5;0;3.5
2019;35206805;3;1;0;1.7;1;0;0;0;0;0;0;0.6;0;0.6;0;0;0;0;0
2019;35247236;3;2;0;20;0;0;16.7;0;0;0;0;3.9;0;3.9;0;0;0;0;0
2019;35277836;3;1;0;0;3.3;3.3;12.1;6.9;17.9;8;5.9;3.7;10.9;6.6;0;0;0;0;0
2019;35277848;3;1;0;3.2;1.9;5.3;6.5;0;0;0;0;3.3;0;3.3;0;0;0;0;0
2019;35277859;3;1;0;2;0;0;2.5;0;0;0;0;1.1;0;1.1;0;0;0;0;0
2019;35277861;3;1;0;0;0;25;10;0;0;0;0;5;0;5;0;0;0;0;0
2019;35285754;3;1;0;0;0;13.6;9.5;0;0;0;0;4.7;0;4.7;0;0;0;0;0
2019;35288081;3;1;0;0;0;0;0;0;0;0;0;0;0;0;0;0;0;0;0
2019;35301413;3;1;0;0;0;12.5;0;0;0;0;0;2;0;2;0;0;0;0;0
2019;35405413;3;1;0;0;0;7.7;11.1;0;0;0;0;3.5;0;3.5;0;0;0;0;0
2019;35429168;4;1;0;0;5.9;0;0;0;0;0;0;1.6;0;0.8;0;0;0;0;0
2019;35466232;4;1;0;0;2.9;0;2.9;0;3.6;0;0;1.2;0.9;1.1;0;0;0;0;0
2019;35659137;3;1;0;0;6;0;3.7;4.2;18.8;2.9;2.5;2.1;6.5;3.8;0;0;0;0;0
2019;35664200;3;2;0;0;0;0;0;0;0;0;0;0;0;0;0;0;0;0;0
2019;35664224;3;1;0;0;0;0;2;0;0;0;0;0.4;0;0.4;0;0;0;0;0
2019;35902160;2;1;0;0;0;0;0;4.3;0;5.9;10.3;0;5;5;4.9;5;6.7;0;5.4
2019;35904181;2;1;0;0;0;0;0;3.8;4.8;8;5.7;0;5.3;5.3;2.8;3.5;11.3;0;5.8
2019;35904193;2;1;0;0;0;0;0;4.1;3.6;8.7;5.1;0;5.3;5.3;0;0;0;0;0
2019;35912402;2;1;0;6;1.8;9.1;6.7;0;0;0;0;4.7;0;4.7;0;0;0;0;0
2019;35914782;2;1;0;0;0;0;0;4.7;11.2;5.3;8.2;0;7.2;7.2;12.5;14.1;8.9;0;11.6
2019;35914848;2;1;0;0;8.8;7.1;10.3;13.5;2.8;0;12.8;5.6;8;6.7;2.6;12.5;3.7;0;6.7
2019;35917084;2;1;0;0;5.1;0;4.5;0;0;0;0;2.1;0;2.1;0;0;0;0;0
2019;35918672;2;1;0;0;0;0;0;10.3;0;0;0;0;3.1;3.1;0;0;0;0;0
2019;35918817;2;1;0;0;0;0;0;2.9;0;0;0;0;1;1;0;0;0;0;0
2019;35918830;2;1;0;0;0;0;3.3;0;0;0;0;0.8;0;0.8;0;0;0;0;0
2019;35919007;2;1;0;0;1.5;4.3;1.3;0;0;0;0;1.7;0;1.7;0;0;0;0;0
2019;35920058;2;1;0;0;0;0;0;0;0;0;0;0;0;0;0;0;0;0;0
2020;35010273;2;1;0;0;0;0;0;4.8;4.2;5;7.5;0;5.4;5.4;7.5;1.1;2.9;0;4.4
2020;35010285;2;1;0;0;0;0;0;2.9;4.2;5.5;4.3;0;4.2;4.2;5;5.5;3.1;0;4.6
2020;35035403;2;1;0;0;0;0;0;0;2.9;3.2;5.3;0;2.8;2.8;3.7;8.7;10.3;0;8
2020;35040708;2;1;0;0;0;0;0;0;1.4;1;7.2;0;2.2;2.2;1.3;5.3;2.4;0;3.3
2020;35044878;2;1;0;0;0;0;0;7.4;6.6;15.2;9.5;0;10;10;9.1;5.7;12.7;0;9.5
2020;35046536;2;1;1.5;1.1;0;1.9;2.9;0;0;0;0;1.6;0;1.6;0;0;0;0;0
2020;35046541;2;1;0;0.8;0;1.5;0.8;0;0;0;0;0.6;0;0.6;0;0;0;0;0
2020;35049086;2;1;0;1.9;0;3.8;4.3;4.8;9.8;5.7;9.8;2.5;7.3;5.1;6.9;8.1;6.1;0;7.1
2020;35075152;3;1;0;0;0;0;0;0;0;0;0;0;0;0;0;0;0;0;0
2020;35075164;3;1;0;0;0;0;0;0;0;0;0;0;0;0;0;0;0;0;0
2020;35121551;4;1;0;0;0;0;6.3;0;4.2;0;0;1.3;1;1.1;0;0;5;0;1.8
2020;35125349;4;1;0;0;2.2;0;0;0;2.2;0;5.6;0.4;1.3;0.8;2.3;0;0;0;1
2020;35132688;4;2;0;0;1.4;0;0;1.3;1.3;3.4;1.7;0.3;1.9;0.9;0;0;0;0;0
2020;35137741;4;2;0;0;0;0;0;0;0;0;0;0;0;0;0;0;0;0;0
2020;35144770;4;1;0;3.6;0;10;0;2.6;3.6;3.7;0;2.7;2.8;2.8;2.5;4.2;0;0;2.5
2020;35206805;3;1;0;0;6.8;1.1;0;0;0;0;0;1.5;0;1.5;0;0;0;0;0
2020;35247236;3;2;0;0;20;0;0;0;0;0;0;2;0;2;0;0;0;0;0
2020;35277836;3;1;3;0;2.3;6.9;3.2;9.4;12.5;13.5;4.8;3.2;10.7;6.5;0;0;0;0;0
2020;35277848;3;1;0;0;6.9;0;5.9;0;0;0;0;2;0;2;0;0;0;0;0
2020;35277859;3;1;0;0;0;0;0;0;0;0;0;0;0;0;0;0;0;0;0
2020;35277861;3;1;0;0;0;0;25;0;0;0;0;3.2;0;3.2;0;0;0;0;0
2020;35285754;3;1;0;0;0;0;12.5;0;0;0;0;2.8;0;2.8;0;0;0;0;0
2020;35288081;3;1;3.8;0;0;0;0;0;0;0;0;3.8;0;3.8;0;0;0;0;0
2020;35301413;3;1;0;0;9.1;0;12.5;0;0;0;0;4.1;0;4.1;0;0;0;0;0
2020;35405413;3;1;0;0;0;0;0;0;0;0;0;0;0;0;0;0;0;0;0
2020;35429168;4;1;0;0;0;4.8;0;0;0;0;0;1.4;0;0.7;0;0;0;0;0
2020;35466232;4;1;0;0;0;3.6;0;0;0;4;0;0.7;0.8;0.8;0;0;0;0;0
2020;35659137;3;1;1.7;3.1;0;7.8;1.8;10.7;4.5;12.1;2.9;2.8;7.8;4.8;0;0;0;0;0
2020;35664200;3;2;0;7.1;0;9.1;0;0;0;0;0;3.8;0;3.8;0;0;0;0;0
2020;35664224;3;1;0;0;2.4;0;4.1;0;0;0;0;1.2;0;1.2;0;0;0;0;0
2020;35902160;2;1;0;0;0;0;0;2.6;4.3;0;5.9;0;3.3;3.3;0;2.8;0;0;1.1
2020;35904181;2;1;0;0;0;0;0;1.3;6;8.1;8.9;0;5.8;5.8;8.3;4.6;3.3;0;5.2
2020;35904193;2;1;0;0;0;0;0;2;2.1;0;5.1;0;2.2;2.2;0;0;0;0;0
2020;35912402;2;1;0;1.6;6.7;3.3;13.2;0;0;0;0;5.4;0;5.4;0;0;0;0;0
2020;35914782;2;1;0;0;0;0;0;3.1;5;10.9;7.1;0;6.3;6.3;10.6;8.7;9.7;0;9.6
2020;35914848;2;1;3.1;3;0;0;8.9;8.1;16.7;11.4;6.9;3.6;10.9;6.9;16.7;2.8;6.1;0;8.1
2020;35917084;2;1;1.8;0;0;10.3;0;0;0;0;0;2.5;0;2.5;0;0;0;0;0
2020;35918672;2;1;0;0;0;0;0;10.3;7.7;0;0;0;5.1;5.1;0;0;0;0;0
2020;35918817;2;1;0;0;0;0;0;0;2.9;0;0;0;0.9;0.9;0;0;0;0;0
2020;35918830;2;1;0;0;0;0;0;0;0;0;0;0;0;0;0;0;0;0;0
2020;35919007;2;1;0;1.3;1.3;0;4.2;0;0;0;0;1.7;0;1.7;0;0;0;0;0
2020;35920058;2;1;0;0;0;0;0;0;0;0;0;0;0;0;0;0;0;0;0
2021;35010273;2;1;0;0;0;0;0;2.8;5.4;4.8;5.1;0;4.6;4.6;7.4;7.3;0;0;5.5
2021;35010285;2;1;0;0;0;0;0;3.4;2.8;7.5;5.6;0;5;5;4.9;5.3;8.6;0;6.5
2021;35035403;2;1;0;0;0;0;0;1.3;1.4;2.7;2.9;0;2;2;6.3;3.8;2.8;0;4.2
2021;35040708;2;1;0;0;0;0;0;1.4;0;1.4;0.9;0;0.9;0.9;4.1;0;5.4;0;3.4
2021;35044878;2;1;0;0;0;0;0;9.7;5.2;6;15.2;0;9.3;9.3;11.8;7.6;7.4;0;9.2
2021;35046536;2;1;0;1.6;1.1;0;1.9;0;0;0;0;1;0;1;0;0;0;0;0
2021;35046541;2;1;0.9;0;1.4;0;0.7;0;0;0;0;0.6;0;0.6;0;0;0;0;0
2021;35049086;2;1;0;0;3.4;0;3.8;4.3;3.3;7.1;7.4;1.7;5.6;3.7;8.5;5.3;6.9;0;6.8
2021;35075152;3;1;0;0;0;0;0;0;0;0;0;0;0;0;0;0;0;0;0
2021;35075164;3;1;1;0;0;0;0;0;0;0;0;1;0;1;0;0;0;0;0
2021;35121551;4;1;0;0;6.3;0;0;6.3;0;0;0;1.5;1.2;1.3;0;0;0;0;0
2021;35125349;4;1;2;0;0;0;6;0;0;0;0;1.7;0;1;4;0;0;0;1.1
2021;35132688;4;2;0;0;0;0;0;0;1.5;1.4;3.8;0;1.5;0.7;0;0;0;0;0
2021;35137741;4;2;0;0;0;0;2.3;0;0;0;0;0.5;0;0.5;0;0;0;0;0
2021;35144770;4;1;4.8;5.3;4.2;0;7.4;0;2.2;3.8;3.5;4.1;2.7;3.2;0;2.4;2.1;0;1.7
2021;35206805;3;1;1.6;0;1.9;6.3;1.1;0;0;0;0;2.1;0;2.1;0;0;0;0;0
2021;35247236;3;2;0;0;0;20;0;0;0;0;0;2.1;0;2.1;0;0;0;0;0
2021;35277836;3;1;0;3.1;0;4.3;7.4;9.4;9.1;13.8;14.7;3.1;11.7;7;0;0;0;0;0
2021;35277848;3;1;0;0;0;6.7;0;0;0;0;0;0.8;0;0.8;0;0;0;0;0
2021;35277859;3;1;3.4;0;0;0;0;0;0;0;0;0.6;0;0.6;0;0;0;0;0
2021;35277861;3;1;0;0;0;0;0;0;0;0;0;0;0;0;0;0;0;0;0
2021;35285754;3;1;0;0;0;0;0;0;0;0;0;0;0;0;0;0;0;0;0
2021;35288081;3;1;0;0;0;0;0;0;0;0;0;0;0;0;0;0;0;0;0
2021;35301413;3;1;0;0;0;8;4.5;0;0;0;0;2.8;0;2.8;0;0;0;0;0
2021;35405413;3;1;0;0;10;0;0;0;0;0;0;1.9;0;1.9;0;0;0;0;0
2021;35429168;4;1;0;0;0;0;4.2;0;0;3.6;0;1.2;1.2;1.2;0;0;0;0;0
2021;35466232;4;1;0;0;0;7.1;3.7;0;0;0;5.3;1.9;1.1;1.5;0;0;0;0;0
2021;35659137;3;1;2.3;1.6;2.9;1.9;7.5;1.9;8.2;4.9;12.9;3.2;6.3;4.5;0;0;0;0;0
2021;35664200;3;2;0;0;7.1;0;7.7;0;0;0;0;3.3;0;3.3;0;0;0;0;0
2021;35664224;3;1;0;0;0;2.4;1.9;0;0;0;0;0.8;0;0.8;0;0;0;0;0
2021;35902160;2;1;0;0;0;0;0;2.4;7.7;2.3;0;0;3.3;3.3;9.1;0;2.6;0;4.3
2021;35904181;2;1;0;0;0;0;0;2.9;4.1;8.4;8.9;0;6.2;6.2;8.7;13.3;3;0;7.6
2021;35904193;2;1;0;0;0;0;0;0;2.1;2.4;2.3;0;1.8;1.8;0;0;0;0;0
2021;35912402;2;1;0;6.6;3.2;6.7;3.3;0;0;0;0;4.9;0;4.9;0;0;0;0;0
2021;35914782;2;1;0;0;0;0;0;6.4;5.1;6.5;10.9;0;7;7;6.3;7.3;8.4;0;7.4
2021;35914848;2;1;0;0;0;0;0;10.9;5.6;17.6;8.8;0;10.7;5.3;6.9;11.1;0;0;5.7
2021;35917084;2;1;0;0;0;0;11.1;0;0;0;0;1.7;0;1.7;0;0;0;0;0
2021;35918672;2;1;0;0;0;0;0;5.3;10.7;7.7;0;0;6.3;6.3;0;0;0;0;0
2021;35918817;2;1;0;0;0;0;0;2.8;0;5.7;0;0;2.3;2.3;0;0;0;0;0
2021;35918830;2;1;0;0;0;0;0;0;0;0;0;0;0;0;0;0;0;0;0
2021;35919007;2;1;0;0;1.3;1.2;0;0;0;0;0;0.7;0;0.7;0;0;0;0;0
2021;35920058;2;1;0;0;0;0;0;0;0;0;0;0;0;0;0;0;0;0;0
2022;35010273;2;1;0;0;0;0;0;1;1.8;5.5;3.7;0;3;3;4.8;7.6;3.2;0;5.3
2022;35010285;2;1;0;0;0;0;0;4.7;7.6;3.4;6.2;0;5.3;5.3;5.8;5.6;1.8;0;4.5
2022;35035403;2;1;0;0;0;0;0;0;1.2;1.4;1.4;0;1;1;1.7;3.8;1.4;0;2.2
2022;35040708;2;1;0;0;0;0;0;3.1;1.5;0;1.4;0;1.5;1.5;2.9;0;0;0;1.6
2022;35044878;2;1;0;0;0;0;0;1.3;4.7;7.8;4.4;0;4.7;4.7;13.9;5;7.4;0;9.3
2022;35046536;2;1;1;1.1;1.5;1;3.7;0;0;0;0;1.6;0;1.6;0;0;0;0;0
2022;35046541;2;1;1.6;0;0;1.3;1.9;0;0;0;0;1;0;1;0;0;0;0;0
2022;35049086;2;1;0;0;0;1.7;0;6.6;0;5;10.7;0.4;6;3.1;3.8;2.1;3.9;0;3.4
2022;35075152;3;1;0;0;0;0;0;0;0;0;0;0;0;0;0;0;0;0;0
2022;35075164;3;1;1.6;0;0;0;0;0;0;0;0;1.6;0;1.6;0;0;0;0;0
2022;35121551;4;1;0;0;0;4.2;0;0;0;0;4.3;1.2;1.3;1.3;0;0;0;0;0
2022;35125349;4;1;1.8;1.9;3.9;0;1.9;2.2;0;0;2.3;1.9;1.2;1.6;0;3.8;0;0;1.1
2022;35132688;4;2;0;0;0;0;0;0;0;1.9;0;0;0.4;0.2;0;0;0;0;0
2022;35137741;4;2;0;0;0;0;0;0;0;0;0;0;0;0;0;0;0;0;0
2022;35144770;4;1;0;0;4;4.2;0;5.9;0;2.2;2.1;1.5;2.5;2.1;4.2;2.8;2.8;0;3.5
2022;35206805;3;1;5;1.8;3;2.6;7.4;0;0;0;0;4.1;0;4.1;0;0;0;0;0
2022;35247236;3;2;0;0;8.3;7.7;14.3;0;0;0;0;5.7;0;5.7;0;0;0;0;0
2022;35277836;3;1;0;0;2.9;0;2.5;7.1;8.6;12.9;12;1.3;10.1;5.2;0;0;0;0;0
2022;35277848;3;1;0;0;1.9;1.9;0;0;0;0;0;0.9;0;0.9;0;0;0;0;0
2022;35277859;3;1;0;0;0;0;0;0;0;0;0;0;0;0;0;0;0;0;0
2022;35285754;3;1;0;0;0;0;0;0;0;0;0;0;0;0;0;0;0;0;0
2022;35288081;3;1;0;0;0;0;0;0;0;0;0;0;0;0;0;0;0;0;0
2022;35301413;3;1;0;0;0;0;10.3;0;0;0;0;2.8;0;2.8;0;0;0;0;0
2022;35405413;3;1;0;0;0;0;0;0;0;0;0;0;0;0;0;0;0;0;0
2022;35429168;4;1;6.7;0;6.7;0;0;3.7;5;0;0;2.4;2;2.2;0;0;0;0;0
2022;35466232;4;1;0;0;0;0;6.3;3.7;0;0;0;1;1;1;5.3;0;0;0;2.3
2022;35659137;3;1;7.4;3.8;0;2.4;3.3;8.2;6.4;6.3;9.3;3.3;7.5;5.1;0;0;0;0;0
2022;35664200;3;2;0;7.7;5;0;7.1;0;0;0;0;3.5;0;3.5;0;0;0;0;0
2022;35664224;3;1;0;0;4.2;2.1;4.4;0;0;0;0;2.1;0;2.1;0;0;0;0;0
2022;35902160;2;1;0;0;0;0;0;2.7;0;3.3;6.3;0;3.3;3.3;0;6.9;4.3;0;4.5
2022;35904181;2;1;0;0;0;0;0;0;3.1;4.3;5.5;0;3.4;3.4;2.8;8.7;10.2;0;7.2
2022;35904193;2;1;0;0;0;0;0;3.6;4.9;2.3;4.5;0;3.8;3.8;0;0;0;0;0
2022;35912402;2;1;0;1.8;3.3;6.5;6.1;0;0;0;0;4.5;0;4.5;0;0;0;0;0
2022;35914782;2;1;0;0;0;0;0;4.8;8.1;2.8;8.3;0;5.9;5.9;11.9;6.6;6;0;8
2022;35914848;2;1;0;2.4;3.1;2.9;0;0;13;5.7;14.3;1.9;8.7;5.1;6.9;0;0;0;3
2022;35917084;2;1;3;0;1.6;6.1;2;0;0;0;0;2.1;0;2.1;0;0;0;0;0
2022;35918672;2;1;0;0;0;0;0;0;8.8;6.5;10.3;0;6.5;6.5;0;0;0;0;0
2022;35918817;2;1;0;0;0;0;0;3.1;3;4;6.1;0;4.1;4.1;0;0;0;0;0
2022;35918830;2;1;0;0;0;0;0;0;0;0;0;0;0;0;0;0;0;0;0
2022;35919007;2;1;0;0;0;0;2.5;0;0;0;0;0.7;0;0.7;0;0;0;0;0
2022;35920058;2;1;0;0;0;3.2;0;0;0;0;0;1.5;0;1.5;0;0;0;0;0
