ibge_id;ano;dependencia_id;localizacao_id;serie_id;matriculas;aprovados;reprovados;abandonos;TIPO
3515103;2010;2;1;9;1296;91,5;6,9;1,6;AF
3515103;2010;3;1;9;0;0;0;0;AF
3515103;2010;4;1;9;104;97;3;0;AF
3515103;2010;5;1;9;1296;91,5;6,9;1,6;AF
3515103;2010;0;1;9;1400;91,9;6,6;1,5;AF
3515103;2010;3;2;9;0;0;0;0;AF
3515103;2010;4;2;9;52;100;0;0;AF
3515103;2010;5;2;9;0;0;0;0;AF
3515103;2010;0;2;9;52;100;0;0;AF
3515103;2010;2;0;8;1168;96,4;3,5;0,1;AF
3515103;2010;3;0;8;97;95,7;0;4,3;AF
3515103;2010;4;0;8;158;96,2;3,8;0;AF
3515103;2010;5;0;8;1265;96,3;3,3;0,4;AF
3515103;2010;0;0;8;1423;96,3;3,3;0,4;AF
3515103;2010;2;1;8;1168;96,4;3,5;0,1;AF
3515103;2010;3;1;8;97;95,7;0;4,3;AF
3515103;2010;4;1;8;102;97,1;2,9;0;AF
3515103;2010;5;1;8;1265;96,3;3,3;0,4;AF
3515103;2010;0;1;8;1367;96,4;3,2;0,4;AF
3515103;2010;3;2;8;0;0;0;0;AF
3515103;2010;4;2;8;56;94,6;5,4;0;AF
3515103;2010;5;2;8;0;0;0;0;AF
3515103;2010;0;2;8;56;94,6;5,4;0;AF
3515103;2010;2;0;6;1179;97,9;2;0,1;AF
3515103;2010;3;0;6;99;100;0;0;AF
3515103;2010;4;0;6;167;98,8;1,2;0;AF
3515103;2010;5;0;6;1278;98;1,8;0,2;AF
3515103;2010;0;0;6;1445;98,1;1,7;0,2;AF
3515103;2010;2;1;6;1179;97,9;2;0,1;AF
3515103;2010;3;1;6;99;100;0;0;AF
3515103;2010;4;1;6;104;99;1;0;AF
3515103;2010;5;1;6;1278;98;1,8;0,2;AF
3515103;2010;0;1;6;1382;98,1;1,7;0,2;AF
3515103;2010;3;2;6;0;0;0;0;AF
3515103;2010;4;2;6;63;98,4;1,6;0;AF
3515103;2010;5;2;6;0;0;0;0;AF
3515103;2010;0;2;6;63;98,4;1,6;0;AF
3515103;2010;2;0;9;1296;91,5;6,9;1,6;AF
3515103;2010;3;0;9;0;0;0;0;AF
3515103;2010;4;0;9;156;98;2;0;AF
3515103;2010;5;0;9;1296;91,5;6,9;1,6;AF
3515103;2010;0;0;9;1452;92,2;6,4;1,4;AF
3515103;2010;2;0;7;1226;96,6;3,2;0,2;AF
3515103;2010;3;0;7;122;88,4;7,4;4,2;AF
3515103;2010;4;0;7;137;94,9;5,1;0;AF
3515103;2010;5;0;7;1348;95,9;3,6;0,5;AF
3515103;2010;0;0;7;1485;95,8;3,8;0,4;AF
3515103;2010;2;1;7;1226;96,6;3,2;0,2;AF
3515103;2010;3;1;7;122;88,4;7,4;4,2;AF
3515103;2010;4;1;7;101;96,1;3,9;0;AF
3515103;2010;5;1;7;1348;95,9;3,6;0,5;AF
3515103;2010;0;1;7;1449;95,9;3,6;0,5;AF
3515103;2010;3;2;7;0;0;0;0;AF
3515103;2010;4;2;7;36;91,4;8,6;0;AF
3515103;2010;5;2;7;0;0;0;0;AF
3515103;2010;0;2;7;36;91,4;8,6;0;AF
3515103;2010;2;1;3;698;99,7;0,3;0;AI
3515103;2010;3;1;3;384;91,8;7,9;0,3;AI
3515103;2010;4;1;3;57;98,2;1,8;0;AI
3515103;2010;5;1;3;1082;96,9;3,1;0;AI
3515103;2010;0;1;3;1139;96,9;3;0,1;AI
3515103;2010;3;2;3;30;100;0;0;AI
3515103;2010;4;2;3;93;95,7;4,3;0;AI
3515103;2010;5;2;3;30;100;0;0;AI
3515103;2010;0;2;3;123;96,7;3,3;0;AI
3515103;2010;2;0;2;563;99,6;0,4;0;AI
3515103;2010;3;0;2;434;99,3;0;0,7;AI
3515103;2010;4;0;2;169;93,4;6,6;0;AI
3515103;2010;5;0;2;997;99,5;0,2;0,3;AI
3515103;2010;0;0;2;1166;98,6;1,1;0,3;AI
3515103;2010;2;1;2;563;99,6;0,4;0;AI
3515103;2010;3;1;2;387;99,2;0;0,8;AI
3515103;2010;4;1;2;79;96,2;3,8;0;AI
3515103;2010;5;1;2;950;99,5;0,2;0,3;AI
3515103;2010;0;1;2;1029;99,2;0,5;0,3;AI
3515103;2010;3;2;2;47;100;0;0;AI
3515103;2010;4;2;2;90;91;9;0;AI
3515103;2010;5;2;2;47;100;0;0;AI
3515103;2010;0;2;2;137;94;6;0;AI
3515103;2010;2;0;1;325;100;0;0;AI
3515103;2010;3;0;1;639;98,9;0;1,1;AI
3515103;2010;4;0;1;114;100;0;0;AI
3515103;2010;5;0;1;964;99,3;0;0,7;AI
3515103;2010;0;0;1;1078;99,3;0;0,7;AI
3515103;2010;2;1;1;325;100;0;0;AI
3515103;2010;3;1;1;586;98,8;0;1,2;AI
3515103;2010;4;1;1;72;100;0;0;AI
3515103;2010;5;1;1;911;99,2;0;0,8;AI
3515103;2010;0;1;1;983;99,3;0;0,7;AI
3515103;2010;3;2;1;53;100;0;0;AI
3515103;2010;4;2;1;42;100;0;0;AI
3515103;2010;5;2;1;53;100;0;0;AI
3515103;2010;0;2;1;95;100;0;0;AI
3515103;2010;2;0;4;778;99,9;0,1;0;AI
3515103;2010;3;0;4;351;98,8;0;1,2;AI
3515103;2010;4;0;4;178;93,1;6,9;0;AI
3515103;2010;5;0;4;1129;99,6;0,1;0,3;AI
3515103;2010;0;0;4;1307;98,7;1;0,3;AI
3515103;2010;2;1;4;778;99,9;0,1;0;AI
3515103;2010;3;1;4;341;98,8;0;1,2;AI
3515103;2010;4;1;4;62;100;0;0;AI
3515103;2010;5;1;4;1119;99,5;0,1;0,4;AI
3515103;2010;0;1;4;1181;99,6;0,1;0,3;AI
3515103;2010;3;2;4;10;100;0;0;AI
3515103;2010;4;2;4;116;89,5;10,5;0;AI
3515103;2010;5;2;4;10;100;0;0;AI
3515103;2010;0;2;4;126;90,5;9,5;0;AI
3515103;2010;2;0;3;698;99,7;0,3;0;AI
3515103;2010;3;0;3;414;92,4;7,4;0,2;AI
3515103;2010;4;0;3;150;96,6;3,4;0;AI
3515103;2010;5;0;3;1112;96,9;3;0,1;AI
3515103;2010;0;0;3;1262;96,9;3;0,1;AI
3515103;2010;2;0;5;853;98,2;1,8;0;AI
3515103;2010;3;0;5;436;95,1;4,4;0,5;AI
3515103;2010;4;0;5;144;100;0;0;AI
3515103;2010;5;0;5;1289;97,1;2,7;0,2;AI
3515103;2010;0;0;5;1433;97,4;2,4;0,2;AI
3515103;2010;2;1;5;853;98,2;1,8;0;AI
3515103;2010;3;1;5;430;95;4,5;0,5;AI
3515103;2010;4;1;5;61;100;0;0;AI
3515103;2010;5;1;5;1283;97,1;2,7;0,2;AI
3515103;2010;0;1;5;1344;97,3;2,6;0,1;AI
3515103;2010;3;2;5;6;100;0;0;AI
3515103;2010;4;2;5;83;100;0;0;AI
3515103;2010;5;2;5;6;100;0;0;AI
3515103;2010;0;2;5;89;100;0;0;AI
3515103;2010;2;0;12;887;92,7;5,2;2,1;EM
3515103;2010;3;0;12;0;0;0;0;EM
3515103;2010;4;0;12;69;100;0;0;EM
3515103;2010;5;0;12;887;92,7;5,2;2,1;EM
3515103;2010;0;0;12;956;93,2;4,8;2;EM
3515103;2010;2;1;12;887;92,7;5,2;2,1;EM
3515103;2010;3;1;12;0;0;0;0;EM
3515103;2010;4;1;12;69;100;0;0;EM
3515103;2010;5;1;12;887;92,7;5,2;2,1;EM
3515103;2010;0;1;12;956;93,2;4,8;2;EM
3515103;2010;3;2;12;0;0;0;0;EM
3515103;2010;4;2;12;0;0;0;0;EM
3515103;2010;5;2;12;0;0;0;0;EM
3515103;2010;0;2;12;0;0;0;0;EM
3515103;2010;2;0;10;1277;86,6;11,4;2;EM
3515103;2010;3;0;10;0;0;0;0;EM
3515103;2010;4;0;10;97;92,4;7,6;0;EM
3515103;2010;5;0;10;1277;86,6;11,4;2;EM
3515103;2010;0;0;10;1374;87;11,1;1,9;EM
3515103;2010;2;1;10;1277;86,6;11,4;2;EM
3515103;2010;3;1;10;0;0;0;0;EM
3515103;2010;4;1;10;97;92,4;7,6;0;EM
3515103;2010;5;1;10;1277;86,6;11,4;2;EM
3515103;2010;0;1;10;1374;87;11,1;1,9;EM
3515103;2010;3;2;10;0;0;0;0;EM
3515103;2010;4;2;10;0;0;0;0;EM
3515103;2010;5;2;10;0;0;0;0;EM
3515103;2010;0;2;10;0;0;0;0;EM
3515103;2010;2;0;11;1068;87,5;10,5;2;EM
3515103;2010;3;0;11;0;0;0;0;EM
3515103;2010;4;0;11;77;100;0;0;EM
3515103;2010;5;0;11;1068;87,5;10,5;2;EM
3515103;2010;0;0;11;1145;88,3;9,8;1,9;EM
3515103;2010;2;1;11;1068;87,5;10,5;2;EM
3515103;2010;3;1;11;0;0;0;0;EM
3515103;2010;4;1;11;77;100;0;0;EM
3515103;2010;5;1;11;1068;87,5;10,5;2;EM
3515103;2010;0;1;11;1145;88,3;9,8;1,9;EM
3515103;2010;3;2;11;0;0;0;0;EM
3515103;2010;4;2;11;0;0;0;0;EM
3515103;2010;5;2;11;0;0;0;0;EM
3515103;2010;0;2;11;0;0;0;0;EM
3515103;2011;0;0;8;1466;95,9;3,6;0,5;AF
3515103;2011;5;0;8;1325;95,7;3,6;0,7;AF
3515103;2011;4;0;8;141;97,2;2,8;0;AF
3515103;2011;3;0;8;101;98;0;2;AF
3515103;2011;2;0;8;1224;95,6;3,9;0,5;AF
3515103;2011;0;1;8;1433;95,9;3,6;0,5;AF
3515103;2011;5;1;8;1325;95,7;3,6;0,7;AF
3515103;2011;4;1;8;108;97,2;2,8;0;AF
3515103;2011;3;1;8;101;98;0;2;AF
3515103;2011;2;1;8;1224;95,6;3,9;0,5;AF
3515103;2011;0;2;8;33;97;3;0;AF
3515103;2011;5;2;8;0;0;0;0;AF
3515103;2011;4;2;8;33;97;3;0;AF
3515103;2011;3;2;8;0;0;0;0;AF
3515103;2011;0;0;9;1456;89,1;9,7;1,2;AF
3515103;2011;5;0;9;1303;87,9;10,7;1,4;AF
3515103;2011;4;0;9;153;99,3;0,7;0;AF
3515103;2011;3;0;9;82;92,9;4,7;2,4;AF
3515103;2011;2;0;9;1221;87,5;11,1;1,4;AF
3515103;2011;0;1;9;1410;88,7;10;1,3;AF
3515103;2011;5;1;9;1303;87,9;10,7;1,4;AF
3515103;2011;4;1;9;107;99;1;0;AF
3515103;2011;3;1;9;82;92,9;4,7;2,4;AF
3515103;2011;2;1;9;1221;87,5;11,1;1,4;AF
3515103;2011;0;2;9;46;100;0;0;AF
3515103;2011;5;2;9;0;0;0;0;AF
3515103;2011;4;2;9;46;100;0;0;AF
3515103;2011;3;2;9;0;0;0;0;AF
3515103;2011;0;0;7;1487;95,8;3,9;0,3;AF
3515103;2011;5;0;7;1304;95,9;3,7;0,4;AF
3515103;2011;4;0;7;183;95,1;4,9;0;AF
3515103;2011;3;0;7;115;92,7;7,3;0;AF
3515103;2011;2;0;7;1189;96,2;3,4;0,4;AF
3515103;2011;0;1;7;1426;95,8;3,9;0,3;AF
3515103;2011;5;1;7;1304;95,9;3,7;0,4;AF
3515103;2011;4;1;7;122;94,2;5,8;0;AF
3515103;2011;3;1;7;115;92,7;7,3;0;AF
3515103;2011;2;1;7;1189;96,2;3,4;0,4;AF
3515103;2011;0;2;7;61;96,7;3,3;0;AF
3515103;2011;5;2;7;0;0;0;0;AF
3515103;2011;4;2;7;61;96,7;3,3;0;AF
3515103;2011;3;2;7;0;0;0;0;AF
3515103;2011;0;0;6;1380;97,3;2,5;0,2;AF
3515103;2011;5;0;6;1226;97,2;2,6;0,2;AF
3515103;2011;4;0;6;154;98,6;1,4;0;AF
3515103;2011;3;0;6;104;99;0;1;AF
3515103;2011;2;0;6;1122;97;2,8;0,2;AF
3515103;2011;0;1;6;1338;97,3;2,5;0,2;AF
3515103;2011;5;1;6;1226;97,2;2,6;0,2;AF
3515103;2011;4;1;6;112;99,1;0,9;0;AF
3515103;2011;3;1;6;104;99;0;1;AF
3515103;2011;2;1;6;1122;97;2,8;0,2;AF
3515103;2011;0;2;6;42;97,6;2,4;0;AF
3515103;2011;5;2;6;0;0;0;0;AF
3515103;2011;4;2;6;42;97,6;2,4;0;AF
3515103;2011;3;2;6;0;0;0;0;AF
3515103;2011;0;2;1;64;100;0;0;AI
3515103;2011;5;2;1;17;100;0;0;AI
3515103;2011;4;2;1;47;100;0;0;AI
3515103;2011;3;2;1;17;100;0;0;AI
3515103;2011;0;0;1;957;99,5;0,4;0,1;AI
3515103;2011;5;0;1;839;99,4;0,5;0,1;AI
3515103;2011;4;0;1;118;100;0;0;AI
3515103;2011;3;0;1;425;99,5;0,2;0,3;AI
3515103;2011;2;0;1;414;99,3;0,7;0;AI
3515103;2011;0;1;1;893;99,4;0,4;0,2;AI
3515103;2011;5;1;1;822;99,4;0,5;0,1;AI
3515103;2011;4;1;1;71;100;0;0;AI
3515103;2011;3;1;1;408;99,5;0,2;0,3;AI
3515103;2011;2;1;1;414;99,3;0,7;0;AI
3515103;2011;0;0;2;1127;98,6;1,3;0,1;AI
3515103;2011;5;0;2;949;99,6;0,2;0,2;AI
3515103;2011;4;0;2;178;93,3;6,7;0;AI
3515103;2011;3;0;2;380;99,2;0,3;0,5;AI
3515103;2011;2;0;2;569;99,8;0,2;0;AI
3515103;2011;0;1;2;1008;99,4;0,4;0,2;AI
3515103;2011;5;1;2;929;99,6;0,2;0,2;AI
3515103;2011;4;1;2;79;97,5;2,5;0;AI
3515103;2011;3;1;2;360;99,2;0,3;0,5;AI
3515103;2011;2;1;2;569;99,8;0,2;0;AI
3515103;2011;0;2;2;119;91,5;8,5;0;AI
3515103;2011;5;2;2;20;100;0;0;AI
3515103;2011;4;2;2;99;89,9;10,1;0;AI
3515103;2011;3;2;2;20;100;0;0;AI
3515103;2011;0;0;4;1228;99,3;0,6;0,1;AI
3515103;2011;5;0;4;1065;99,7;0,1;0,2;AI
3515103;2011;4;0;4;163;96,2;3,8;0;AI
3515103;2011;3;0;4;411;99,5;0;0,5;AI
3515103;2011;2;0;4;654;99,8;0,2;0;AI
3515103;2011;0;1;4;1096;99,6;0,2;0,2;AI
3515103;2011;5;1;4;1038;99,7;0,1;0,2;AI
3515103;2011;4;1;4;58;98,2;1,8;0;AI
3515103;2011;3;1;4;384;99,5;0;0,5;AI
3515103;2011;2;1;4;654;99,8;0,2;0;AI
3515103;2011;0;2;4;132;96,2;3,8;0;AI
3515103;2011;5;2;4;27;100;0;0;AI
3515103;2011;4;2;4;105;95,1;4,9;0;AI
3515103;2011;3;2;4;27;100;0;0;AI
3515103;2011;0;0;3;1212;96,1;3,8;0,1;AI
3515103;2011;5;0;3;1028;96,4;3,5;0,1;AI
3515103;2011;4;0;3;184;94,6;5,4;0;AI
3515103;2011;3;0;3;471;92,7;7,1;0,2;AI
3515103;2011;2;0;3;557;99,5;0,5;0;AI
3515103;2011;0;1;3;1087;96,7;3,2;0,1;AI
3515103;2011;5;1;3;1005;96,9;3;0,1;AI
3515103;2011;4;1;3;82;94;6;0;AI
3515103;2011;3;1;3;448;93,7;6,1;0,2;AI
3515103;2011;2;1;3;557;99,5;0,5;0;AI
3515103;2011;0;2;3;125;91,3;8,7;0;AI
3515103;2011;5;2;3;23;75;25;0;AI
3515103;2011;4;2;3;102;95,1;4,9;0;AI
3515103;2011;3;2;3;23;75;25;0;AI
3515103;2011;0;0;5;1349;97,4;2,6;0;AI
3515103;2011;5;0;5;1184;97,6;2,4;0;AI
3515103;2011;4;0;5;165;95,8;4,2;0;AI
3515103;2011;3;0;5;387;95,7;4,3;0;AI
3515103;2011;2;0;5;797;98,5;1,5;0;AI
3515103;2011;0;1;5;1237;97,6;2,4;0;AI
3515103;2011;5;1;5;1172;97,7;2,3;0;AI
3515103;2011;4;1;5;65;96,9;3,1;0;AI
3515103;2011;3;1;5;375;95,9;4,1;0;AI
3515103;2011;2;1;5;797;98,5;1,5;0;AI
3515103;2011;0;2;5;112;94,4;5,6;0;AI
3515103;2011;5;2;5;12;87,5;12,5;0;AI
3515103;2011;4;2;5;100;95;5;0;AI
3515103;2011;3;2;5;12;87,5;12,5;0;AI
3515103;2011;0;0;10;1441;78,2;17,6;4,2;EM
3515103;2011;5;0;10;1330;76,6;18,9;4,5;EM
3515103;2011;4;0;10;111;97,3;2,7;0;EM
3515103;2011;3;0;10;0;0;0;0;EM
3515103;2011;2;0;10;1330;76,6;18,9;4,5;EM
3515103;2011;0;1;10;1441;78,2;17,6;4,2;EM
3515103;2011;5;1;10;1330;76,6;18,9;4,5;EM
3515103;2011;4;1;10;111;97,3;2,7;0;EM
3515103;2011;3;1;10;0;0;0;0;EM
3515103;2011;2;1;10;1330;76,6;18,9;4,5;EM
3515103;2011;0;2;10;0;0;0;0;EM
3515103;2011;5;2;10;0;0;0;0;EM
3515103;2011;4;2;10;0;0;0;0;EM
3515103;2011;3;2;10;0;0;0;0;EM
3515103;2011;0;0;11;1258;79,7;16,6;3,7;EM
3515103;2011;5;0;11;1170;78,4;17,7;3,9;EM
3515103;2011;4;0;11;88;97,7;2,3;0;EM
3515103;2011;3;0;11;0;0;0;0;EM
3515103;2011;2;0;11;1170;78,4;17,7;3,9;EM
3515103;2011;0;1;11;1258;79,7;16,6;3,7;EM
3515103;2011;5;1;11;1170;78,4;17,7;3,9;EM
3515103;2011;4;1;11;88;97,7;2,3;0;EM
3515103;2011;3;1;11;0;0;0;0;EM
3515103;2011;2;1;11;1170;78,4;17,7;3,9;EM
3515103;2011;0;2;11;0;0;0;0;EM
3515103;2011;5;2;11;0;0;0;0;EM
3515103;2011;4;2;11;0;0;0;0;EM
3515103;2011;3;2;11;0;0;0;0;EM
3515103;2011;0;0;12;1002;85,6;11,4;3;EM
3515103;2011;5;0;12;929;84,6;12,2;3,2;EM
3515103;2011;4;0;12;73;98,6;1,4;0;EM
3515103;2011;3;0;12;0;0;0;0;EM
3515103;2011;2;0;12;929;84,6;12,2;3,2;EM
3515103;2011;0;1;12;1002;85,6;11,4;3;EM
3515103;2011;5;1;12;929;84,6;12,2;3,2;EM
3515103;2011;4;1;12;73;98,6;1,4;0;EM
3515103;2011;3;1;12;0;0;0;0;EM
3515103;2011;2;1;12;929;84,6;12,2;3,2;EM
3515103;2011;0;2;12;0;0;0;0;EM
3515103;2011;5;2;12;0;0;0;0;EM
3515103;2011;4;2;12;0;0;0;0;EM
3515103;2011;3;2;12;0;0;0;0;EM
3515103;2012;0;2;9;33;100;0;0;AF
3515103;2012;5;2;9;0;0;0;0;AF
3515103;2012;4;2;9;33;100;0;0;AF
3515103;2012;3;2;9;0;0;0;0;AF
3515103;2012;0;0;9;1557;92,2;6,3;1,5;AF
3515103;2012;5;0;9;1416;92,2;6,3;1,5;AF
3515103;2012;4;0;9;141;92,6;6,6;0,8;AF
3515103;2012;3;0;9;101;100;0;0;AF
3515103;2012;2;0;9;1315;91,6;6,8;1,6;AF
3515103;2012;0;1;9;1524;92;6,5;1,5;AF
3515103;2012;5;1;9;1416;92,2;6,3;1,5;AF
3515103;2012;4;1;9;108;90,3;8,7;1;AF
3515103;2012;3;1;9;101;100;0;0;AF
3515103;2012;2;1;9;1315;91,6;6,8;1,6;AF
3515103;2012;0;0;6;1311;96,9;2,5;0,6;AF
3515103;2012;5;0;6;1164;97;2,3;0,7;AF
3515103;2012;4;0;6;147;95,8;4,2;0;AF
3515103;2012;3;0;6;107;99,1;0;0,9;AF
3515103;2012;2;0;6;1057;96,8;2,6;0,6;AF
3515103;2012;0;1;6;1267;96,9;2,5;0,6;AF
3515103;2012;5;1;6;1164;97;2,3;0,7;AF
3515103;2012;4;1;6;103;96;4;0;AF
3515103;2012;3;1;6;107;99,1;0;0,9;AF
3515103;2012;2;1;6;1057;96,8;2,6;0,6;AF
3515103;2012;0;2;6;44;95,5;4,5;0;AF
3515103;2012;5;2;6;0;0;0;0;AF
3515103;2012;4;2;6;44;95,5;4,5;0;AF
3515103;2012;3;2;6;0;0;0;0;AF
3515103;2012;0;0;8;1480;97,5;2,3;0,2;AF
3515103;2012;5;0;8;1289;97,7;2,1;0,2;AF
3515103;2012;4;0;8;191;95,7;3,8;0,5;AF
3515103;2012;3;0;8;101;100;0;0;AF
3515103;2012;2;0;8;1188;97,5;2,3;0,2;AF
3515103;2012;0;1;8;1412;97,5;2,3;0,2;AF
3515103;2012;5;1;8;1289;97,7;2,1;0,2;AF
3515103;2012;4;1;8;123;94,9;4,2;0,9;AF
3515103;2012;3;1;8;101;100;0;0;AF
3515103;2012;2;1;8;1188;97,5;2,3;0,2;AF
3515103;2012;0;2;8;68;97;3;0;AF
3515103;2012;5;2;8;0;0;0;0;AF
3515103;2012;4;2;8;68;97;3;0;AF
3515103;2012;3;2;8;0;0;0;0;AF
3515103;2012;0;0;7;1385;97,1;2,3;0,6;AF
3515103;2012;5;0;7;1236;97,3;2;0,7;AF
3515103;2012;4;0;7;149;95,2;4,8;0;AF
3515103;2012;3;0;7;110;93,6;4,6;1,8;AF
3515103;2012;2;0;7;1126;97,7;1,7;0,6;AF
3515103;2012;0;1;7;1343;97,1;2,3;0,6;AF
3515103;2012;5;1;7;1236;97,3;2;0,7;AF
3515103;2012;4;1;7;107;94,3;5,7;0;AF
3515103;2012;3;1;7;110;93,6;4,6;1,8;AF
3515103;2012;2;1;7;1126;97,7;1,7;0,6;AF
3515103;2012;0;2;7;42;97,6;2,4;0;AF
3515103;2012;5;2;7;0;0;0;0;AF
3515103;2012;4;2;7;42;97,6;2,4;0;AF
3515103;2012;3;2;7;0;0;0;0;AF
3515103;2012;0;0;2;1009;98,6;1,2;0,2;AI
3515103;2012;5;0;2;846;99,8;0;0,2;AI
3515103;2012;4;0;2;163;92,5;7,5;0;AI
3515103;2012;3;0;2;287;99,3;0;0,7;AI
3515103;2012;2;0;2;559;100;0;0;AI
3515103;2012;0;1;2;896;99,3;0,5;0,2;AI
3515103;2012;5;1;2;826;99,8;0;0,2;AI
3515103;2012;4;1;2;70;94,2;5,8;0;AI
3515103;2012;3;1;2;267;99,2;0;0,8;AI
3515103;2012;2;1;2;559;100;0;0;AI
3515103;2012;0;2;2;113;93;7;0;AI
3515103;2012;5;2;2;20;100;0;0;AI
3515103;2012;4;2;2;93;91,3;8,7;0;AI
3515103;2012;3;2;2;20;100;0;0;AI
3515103;2012;0;0;1;939;99,5;0,4;0,1;AI
3515103;2012;5;0;1;839;99,4;0,5;0,1;AI
3515103;2012;4;0;1;100;100;0;0;AI
3515103;2012;3;0;1;427;99,5;0,2;0,3;AI
3515103;2012;2;0;1;412;99,3;0,7;0;AI
3515103;2012;0;1;1;886;99,4;0,5;0,1;AI
3515103;2012;5;1;1;810;99,4;0,5;0,1;AI
3515103;2012;4;1;1;76;100;0;0;AI
3515103;2012;3;1;1;398;99,5;0,3;0,2;AI
3515103;2012;2;1;1;412;99,3;0,7;0;AI
3515103;2012;0;2;1;53;100;0;0;AI
3515103;2012;5;2;1;29;100;0;0;AI
3515103;2012;4;2;1;24;100;0;0;AI
3515103;2012;3;2;1;29;100;0;0;AI
3515103;2012;0;0;4;1178;99,6;0,4;0;AI
3515103;2012;5;0;4;1003;100;0;0;AI
3515103;2012;4;0;4;175;97,1;2,9;0;AI
3515103;2012;3;0;4;427;100;0;0;AI
3515103;2012;2;0;4;576;100;0;0;AI
3515103;2012;0;1;4;1066;99,9;0,1;0;AI
3515103;2012;5;1;4;987;100;0;0;AI
3515103;2012;4;1;4;79;98,7;1,3;0;AI
3515103;2012;3;1;4;411;100;0;0;AI
3515103;2012;2;1;4;576;100;0;0;AI
3515103;2012;0;2;4;112;96,5;3,5;0;AI
3515103;2012;5;2;4;16;100;0;0;AI
3515103;2012;4;2;4;96;95,8;4,2;0;AI
3515103;2012;3;2;4;16;100;0;0;AI
3515103;2012;0;2;3;120;85,7;13,4;0,9;AI
3515103;2012;5;2;3;26;82,6;13;4,4;AI
3515103;2012;4;2;3;94;86,5;13,5;0;AI
3515103;2012;3;2;3;26;82,6;13;4,4;AI
3515103;2012;0;0;3;1148;95,8;3,9;0,3;AI
3515103;2012;5;0;3;976;96,8;2,9;0,3;AI
3515103;2012;4;0;3;172;90,2;9,8;0;AI
3515103;2012;3;0;3;403;92,6;6,7;0,7;AI
3515103;2012;2;0;3;573;99,8;0,2;0;AI
3515103;2012;0;1;3;1028;97;2,8;0,2;AI
3515103;2012;5;1;3;950;97,2;2,6;0,2;AI
3515103;2012;4;1;3;78;94,9;5,1;0;AI
3515103;2012;3;1;3;377;93,2;6,3;0,5;AI
3515103;2012;2;1;3;573;99,8;0,2;0;AI
3515103;2012;0;0;5;1266;96,4;3,5;0,1;AI
3515103;2012;5;0;5;1119;96,7;3,3;0;AI
3515103;2012;4;0;5;147;94,5;5,5;0;AI
3515103;2012;3;0;5;436;94,7;5,1;0,2;AI
3515103;2012;2;0;5;683;97,9;2,1;0;AI
3515103;2012;0;1;5;1151;96,7;3,2;0,1;AI
3515103;2012;5;1;5;1095;96,9;3;0,1;AI
3515103;2012;4;1;5;56;94,5;5,5;0;AI
3515103;2012;3;1;5;412;95,1;4,6;0,3;AI
3515103;2012;2;1;5;683;97,9;2,1;0;AI
3515103;2012;0;2;5;115;93;7;0;AI
3515103;2012;5;2;5;24;87,5;12,5;0;AI
3515103;2012;4;2;5;91;94,4;5,6;0;AI
3515103;2012;3;2;5;24;87,5;12,5;0;AI
3515103;2012;0;0;12;1069;90,2;8,3;1,5;EM
3515103;2012;5;0;12;984;89,5;8,8;1,7;EM
3515103;2012;4;0;12;85;97,6;2,4;0;EM
3515103;2012;3;0;12;0;0;0;0;EM
3515103;2012;2;0;12;984;89,5;8,8;1,7;EM
3515103;2012;0;1;12;1069;90,2;8,3;1,5;EM
3515103;2012;5;1;12;984;89,5;8,8;1,7;EM
3515103;2012;4;1;12;85;97,6;2,4;0;EM
3515103;2012;3;1;12;0;0;0;0;EM
3515103;2012;2;1;12;984;89,5;8,8;1,7;EM
3515103;2012;0;2;12;0;0;0;0;EM
3515103;2012;5;2;12;0;0;0;0;EM
3515103;2012;4;2;12;0;0;0;0;EM
3515103;2012;3;2;12;0;0;0;0;EM
3515103;2012;0;0;10;1486;81,8;14,9;3,3;EM
3515103;2012;5;0;10;1376;81,3;15,2;3,5;EM
3515103;2012;4;0;10;110;88,9;11,1;0;EM
3515103;2012;3;0;10;0;0;0;0;EM
3515103;2012;2;0;10;1376;81,3;15,2;3,5;EM
3515103;2012;0;0;11;1266;84,3;12;3,7;EM
3515103;2012;5;0;11;1157;83,3;12,7;4;EM
3515103;2012;4;0;11;109;95,2;4,8;0;EM
3515103;2012;3;0;11;0;0;0;0;EM
3515103;2012;2;0;11;1157;83,3;12,7;4;EM
3515103;2012;0;1;11;1266;84,3;12;3,7;EM
3515103;2012;5;1;11;1157;83,3;12,7;4;EM
3515103;2012;4;1;11;109;95,2;4,8;0;EM
3515103;2012;3;1;11;0;0;0;0;EM
3515103;2012;2;1;11;1157;83,3;12,7;4;EM
3515103;2012;0;2;11;0;0;0;0;EM
3515103;2012;5;2;11;0;0;0;0;EM
3515103;2012;4;2;11;0;0;0;0;EM
3515103;2012;3;2;11;0;0;0;0;EM
3515103;2012;0;1;10;1486;81,8;14,9;3,3;EM
3515103;2012;5;1;10;1376;81,3;15,2;3,5;EM
3515103;2012;4;1;10;110;88,9;11,1;0;EM
3515103;2012;3;1;10;0;0;0;0;EM
3515103;2012;2;1;10;1376;81,3;15,2;3,5;EM
3515103;2012;0;2;10;0;0;0;0;EM
3515103;2012;5;2;10;0;0;0;0;EM
3515103;2012;4;2;10;0;0;0;0;EM
3515103;2012;3;2;10;0;0;0;0;EM
3515103;2013;0;0;6;1218;98,4;0,7;0,9;AF
3515103;2013;5;0;6;1095;98,4;0,6;1;AF
3515103;2013;4;0;6;123;98,4;1,6;0;AF
3515103;2013;3;0;6;101;100;0;0;AF
3515103;2013;2;0;6;994;98,3;0,7;1;AF
3515103;2013;0;1;6;1180;98,4;0,8;0,8;AF
3515103;2013;5;1;6;1095;98,4;0,6;1;AF
3515103;2013;4;1;6;85;97,7;2,3;0;AF
3515103;2013;3;1;6;101;100;0;0;AF
3515103;2013;2;1;6;994;98,3;0,7;1;AF
3515103;2013;0;2;6;38;100;0;0;AF
3515103;2013;5;2;6;0;0;0;0;AF
3515103;2013;4;2;6;38;100;0;0;AF
3515103;2013;3;2;6;0;0;0;0;AF
3515103;2013;0;1;8;1344;97,2;1,6;1,2;AF
3515103;2013;5;1;8;1235;97,5;1,2;1,3;AF
3515103;2013;4;1;8;109;93,8;6,2;0;AF
3515103;2013;3;1;8;99;98;0;2;AF
3515103;2013;2;1;8;1136;97,5;1,3;1,2;AF
3515103;2013;0;2;8;42;100;0;0;AF
3515103;2013;5;2;8;0;0;0;0;AF
3515103;2013;4;2;8;42;100;0;0;AF
3515103;2013;3;2;8;0;0;0;0;AF
3515103;2013;0;0;8;1386;97,3;1,6;1,1;AF
3515103;2013;5;0;8;1235;97,5;1,2;1,3;AF
3515103;2013;4;0;8;151;95,5;4,5;0;AF
3515103;2013;3;0;8;99;98;0;2;AF
3515103;2013;2;0;8;1136;97,5;1,3;1,2;AF
3515103;2013;0;0;7;1304;97;1,8;1,2;AF
3515103;2013;5;0;7;1155;96,9;1,7;1,4;AF
3515103;2013;4;0;7;149;98;2;0;AF
3515103;2013;3;0;7;102;91,8;6,1;2,1;AF
3515103;2013;2;0;7;1053;97,4;1,3;1,3;AF
3515103;2013;0;1;7;1262;96,9;1,8;1,3;AF
3515103;2013;5;1;7;1155;96,9;1,7;1,4;AF
3515103;2013;4;1;7;107;97,1;2,9;0;AF
3515103;2013;3;1;7;102;91,8;6,1;2,1;AF
3515103;2013;2;1;7;1053;97,4;1,3;1,3;AF
3515103;2013;0;2;7;42;100;0;0;AF
3515103;2013;5;2;7;0;0;0;0;AF
3515103;2013;4;2;7;42;100;0;0;AF
3515103;2013;3;2;7;0;0;0;0;AF
3515103;2013;0;0;9;1532;92,8;6;1,2;AF
3515103;2013;5;0;9;1338;92;6,7;1,3;AF
3515103;2013;4;0;9;194;97,9;1,5;0,6;AF
3515103;2013;3;0;9;100;92,8;3,1;4,1;AF
3515103;2013;2;0;9;1238;92;7;1;AF
3515103;2013;0;1;9;1466;92,5;6,3;1,2;AF
3515103;2013;5;1;9;1338;92;6,7;1,3;AF
3515103;2013;4;1;9;128;96,9;2,3;0,8;AF
3515103;2013;3;1;9;100;92,8;3,1;4,1;AF
3515103;2013;2;1;9;1238;92;7;1;AF
3515103;2013;0;2;9;66;100;0;0;AF
3515103;2013;5;2;9;0;0;0;0;AF
3515103;2013;4;2;9;66;100;0;0;AF
3515103;2013;3;2;9;0;0;0;0;AF
3515103;2013;0;0;2;976;98,8;1,2;0;AI
3515103;2013;5;0;2;833;99,4;0,6;0;AI
3515103;2013;4;0;2;143;95;5;0;AI
3515103;2013;3;0;2;304;99;1;0;AI
3515103;2013;2;0;2;529;99,6;0,4;0;AI
3515103;2013;0;1;2;880;99,1;0,9;0;AI
3515103;2013;5;1;2;801;99,4;0,6;0;AI
3515103;2013;4;1;2;79;96,1;3,9;0;AI
3515103;2013;3;1;2;272;98,9;1,1;0;AI
3515103;2013;2;1;2;529;99,6;0,4;0;AI
3515103;2013;0;2;2;96;95,7;4,3;0;AI
3515103;2013;5;2;2;32;100;0;0;AI
3515103;2013;4;2;2;64;93,8;6,2;0;AI
3515103;2013;3;2;2;32;100;0;0;AI
3515103;2013;0;0;1;1121;99,3;0,5;0,2;AI
3515103;2013;5;0;1;960;99,2;0,6;0,2;AI
3515103;2013;4;0;1;161;100;0;0;AI
3515103;2013;3;0;1;487;99,4;0,2;0,4;AI
3515103;2013;2;0;1;473;98,9;1,1;0;AI
3515103;2013;0;1;1;1050;99,2;0,6;0,2;AI
3515103;2013;5;1;1;939;99,2;0,6;0,2;AI
3515103;2013;4;1;1;111;100;0;0;AI
3515103;2013;0;2;1;71;100;0;0;AI
3515103;2013;5;2;1;21;100;0;0;AI
3515103;2013;4;2;1;50;100;0;0;AI
3515103;2013;3;2;1;21;100;0;0;AI
3515103;2013;3;1;1;466;99,4;0,2;0,4;AI
3515103;2013;2;1;1;473;98,9;1,1;0;AI
3515103;2013;0;0;5;1190;97,4;2,6;0;AI
3515103;2013;5;0;5;1019;97,6;2,4;0;AI
3515103;2013;4;0;5;171;96;4;0;AI
3515103;2013;3;0;5;427;96,2;3,8;0;AI
3515103;2013;2;0;5;592;98,7;1,3;0;AI
3515103;2013;0;1;5;1073;97,7;2,3;0;AI
3515103;2013;5;1;5;998;97,7;2,3;0;AI
3515103;2013;4;1;5;75;97,4;2,6;0;AI
3515103;2013;3;1;5;406;96,2;3,8;0;AI
3515103;2013;2;1;5;592;98,7;1,3;0;AI
3515103;2013;0;2;5;117;94,8;5,2;0;AI
3515103;2013;5;2;5;21;95;5;0;AI
3515103;2013;4;2;5;96;94,8;5,2;0;AI
3515103;2013;3;2;5;21;95;5;0;AI
3515103;2013;0;0;3;1069;96,6;3,4;0;AI
3515103;2013;5;0;3;902;97,3;2,7;0;AI
3515103;2013;4;0;3;167;92,8;7,2;0;AI
3515103;2013;3;0;3;302;92,7;7,3;0;AI
3515103;2013;2;0;3;600;99,7;0,3;0;AI
3515103;2013;0;1;3;946;97,4;2,6;0;AI
3515103;2013;5;1;3;879;97,6;2,4;0;AI
3515103;2013;4;1;3;67;94,1;5,9;0;AI
3515103;2013;3;1;3;279;93,2;6,8;0;AI
3515103;2013;2;1;3;600;99,7;0,3;0;AI
3515103;2013;0;2;3;123;90,9;9,1;0;AI
3515103;2013;5;2;3;23;86,4;13,6;0;AI
3515103;2013;4;2;3;100;91,9;8,1;0;AI
3515103;2013;3;2;3;23;86,4;13,6;0;AI
3515103;2013;0;1;4;1008;99,4;0,6;0;AI
3515103;2013;5;1;4;931;99,6;0,4;0;AI
3515103;2013;4;1;4;77;97,4;2,6;0;AI
3515103;2013;3;1;4;357;99,7;0,3;0;AI
3515103;2013;2;1;4;574;99,5;0,5;0;AI
3515103;2013;0;2;4;115;98,2;1,8;0;AI
3515103;2013;5;2;4;22;100;0;0;AI
3515103;2013;4;2;4;93;97,8;2,2;0;AI
3515103;2013;3;2;4;22;100;0;0;AI
3515103;2013;0;0;4;1123;99,3;0,7;0;AI
3515103;2013;5;0;4;953;99,6;0,4;0;AI
3515103;2013;4;0;4;170;97,6;2,4;0;AI
3515103;2013;3;0;4;379;99,7;0,3;0;AI
3515103;2013;2;0;4;574;99,5;0,5;0;AI
3515103;2013;0;0;12;1079;91;6,1;2,9;EM
3515103;2013;5;0;12;975;90,1;6,7;3,2;EM
3515103;2013;4;0;12;104;100;0;0;EM
3515103;2013;3;0;12;0;0;0;0;EM
3515103;2013;2;0;12;975;90,1;6,7;3,2;EM
3515103;2013;0;1;12;1079;91;6,1;2,9;EM
3515103;2013;5;1;12;975;90,1;6,7;3,2;EM
3515103;2013;4;1;12;104;100;0;0;EM
3515103;2013;3;1;12;0;0;0;0;EM
3515103;2013;2;1;12;975;90,1;6,7;3,2;EM
3515103;2013;0;2;12;0;0;0;0;EM
3515103;2013;5;2;12;0;0;0;0;EM
3515103;2013;4;2;12;0;0;0;0;EM
3515103;2013;3;2;12;0;0;0;0;EM
3515103;2013;0;0;11;1283;82,4;12,7;4,9;EM
3515103;2013;5;0;11;1195;81,3;13,5;5,2;EM
3515103;2013;4;0;11;88;97,6;2,4;0;EM
3515103;2013;3;0;11;0;0;0;0;EM
3515103;2013;2;0;11;1195;81,3;13,5;5,2;EM
3515103;2013;0;1;11;1283;82,4;12,7;4,9;EM
3515103;2013;5;1;11;1195;81,3;13,5;5,2;EM
3515103;2013;4;1;11;88;97,6;2,4;0;EM
3515103;2013;3;1;11;0;0;0;0;EM
3515103;2013;2;1;11;1195;81,3;13,5;5,2;EM
3515103;2013;0;2;11;0;0;0;0;EM
3515103;2013;5;2;11;0;0;0;0;EM
3515103;2013;4;2;11;0;0;0;0;EM
3515103;2013;3;2;11;0;0;0;0;EM
3515103;2013;0;0;10;1611;81;13,8;5,2;EM
3515103;2013;5;0;10;1485;79,8;14,5;5,7;EM
3515103;2013;4;0;10;126;94,4;5,6;0;EM
3515103;2013;3;0;10;0;0;0;0;EM
3515103;2013;2;0;10;1485;79,8;14,5;5,7;EM
3515103;2013;0;1;10;1611;81;13,8;5,2;EM
3515103;2013;5;1;10;1485;79,8;14,5;5,7;EM
3515103;2013;4;1;10;126;94,4;5,6;0;EM
3515103;2013;3;1;10;0;0;0;0;EM
3515103;2013;2;1;10;1485;79,8;14,5;5,7;EM
3515103;2013;0;2;10;0;0;0;0;EM
3515103;2013;5;2;10;0;0;0;0;EM
3515103;2013;4;2;10;0;0;0;0;EM
3515103;2013;3;2;10;0;0;0;0;EM
3515103;2014;0;2;7;37;94,6;5,4;0;AF
3515103;2014;5;2;7;0;0;0;0;AF
3515103;2014;4;2;7;37;94,6;5,4;0;AF
3515103;2014;3;2;7;0;0;0;0;AF
3515103;2014;0;0;7;1251;97,4;2,2;0,4;AF
3515103;2014;5;0;7;1120;97,4;2,1;0,5;AF
3515103;2014;4;0;7;131;96,9;3,1;0;AF
3515103;2014;3;0;7;109;95,3;4,7;0;AF
3515103;2014;2;0;7;1011;97,6;1,9;0,5;AF
3515103;2014;0;1;7;1214;97,4;2,1;0,5;AF
3515103;2014;5;1;7;1120;97,4;2,1;0,5;AF
3515103;2014;4;1;7;94;97,8;2,2;0;AF
3515103;2014;3;1;7;109;95,3;4,7;0;AF
3515103;2014;2;1;7;1011;97,6;1,9;0,5;AF
3515103;2014;0;0;6;1126;98;1,6;0,4;AF
3515103;2014;5;0;6;979;97,7;1,8;0,5;AF
3515103;2014;4;0;6;147;100;0;0;AF
3515103;2014;3;0;6;84;100;0;0;AF
3515103;2014;2;0;6;895;97,4;2;0,6;AF
3515103;2014;0;1;6;1090;97,9;1,6;0,5;AF
3515103;2014;5;1;6;979;97,7;1,8;0,5;AF
3515103;2014;4;1;6;111;100;0;0;AF
3515103;2014;3;1;6;84;100;0;0;AF
3515103;2014;2;1;6;895;97,4;2;0,6;AF
3515103;2014;0;2;6;36;100;0;0;AF
3515103;2014;5;2;6;0;0;0;0;AF
3515103;2014;4;2;6;36;100;0;0;AF
3515103;2014;3;2;6;0;0;0;0;AF
3515103;2014;0;0;8;1313;96,8;2,9;0,3;AF
3515103;2014;5;0;8;1157;96,7;2,9;0,4;AF
3515103;2014;4;0;8;156;97,4;2,6;0;AF
3515103;2014;3;0;8;90;97,5;2,5;0;AF
3515103;2014;2;0;8;1067;96,6;2,9;0,5;AF
3515103;2014;0;1;8;1270;96,6;3;0,4;AF
3515103;2014;5;1;8;1157;96,7;2,9;0,4;AF
3515103;2014;4;1;8;113;96,3;3,7;0;AF
3515103;2014;3;1;8;90;97,5;2,5;0;AF
3515103;2014;2;1;8;1067;96,6;2,9;0,5;AF
3515103;2014;0;2;8;43;100;0;0;AF
3515103;2014;5;2;8;0;0;0;0;AF
3515103;2014;4;2;8;43;100;0;0;AF
3515103;2014;3;2;8;0;0;0;0;AF
3515103;2014;0;0;9;1451;93;5,9;1,1;AF
3515103;2014;5;0;9;1297;92,4;6,4;1,2;AF
3515103;2014;4;0;9;154;98;2;0;AF
3515103;2014;3;0;9;83;100;0;0;AF
3515103;2014;2;0;9;1214;91,9;6,8;1,3;AF
3515103;2014;0;1;9;1411;92,8;6,1;1,1;AF
3515103;2014;5;1;9;1297;92,4;6,4;1,2;AF
3515103;2014;4;1;9;114;97,3;2,7;0;AF
3515103;2014;3;1;9;83;100;0;0;AF
3515103;2014;2;1;9;1214;91,9;6,8;1,3;AF
3515103;2014;0;2;9;40;100;0;0;AF
3515103;2014;5;2;9;0;0;0;0;AF
3515103;2014;4;2;9;40;100;0;0;AF
3515103;2014;3;2;9;0;0;0;0;AF
3515103;2014;0;1;5;1029;99;0,9;0,1;AI
3515103;2014;5;1;5;945;98,9;0,9;0,2;AI
3515103;2014;4;1;5;84;100;0;0;AI
3515103;2014;3;1;5;373;97,6;2,4;0;AI
3515103;2014;2;1;5;572;99,8;0;0,2;AI
3515103;2014;0;2;5;110;95,4;4,6;0;AI
3515103;2014;5;2;5;24;95,8;4,2;0;AI
3515103;2014;4;2;5;86;95,3;4,7;0;AI
3515103;2014;3;2;5;24;95,8;4,2;0;AI
3515103;2014;0;0;5;1139;98,7;1,2;0,1;AI
3515103;2014;5;0;5;969;98,9;1;0,1;AI
3515103;2014;4;0;5;170;97,6;2,4;0;AI
3515103;2014;3;0;5;397;97,5;2,5;0;AI
3515103;2014;2;0;5;572;99,8;0;0,2;AI
3515103;2014;0;0;3;1008;97,2;2,8;0;AI
3515103;2014;5;0;3;839;97,8;2,2;0;AI
3515103;2014;4;0;3;169;94,6;5,4;0;AI
3515103;2014;3;0;3;311;94,6;5,4;0;AI
3515103;2014;2;0;3;528;99,6;0,4;0;AI
3515103;2014;0;1;3;881;97,7;2,3;0;AI
3515103;2014;5;1;3;806;97,7;2,3;0;AI
3515103;2014;4;1;3;75;98,6;1,4;0;AI
3515103;2014;3;1;3;278;94;6;0;AI
3515103;2014;2;1;3;528;99,6;0,4;0;AI
3515103;2014;0;2;3;127;93,7;6,3;0;AI
3515103;2014;5;2;3;33;100;0;0;AI
3515103;2014;4;2;3;94;91,4;8,6;0;AI
3515103;2014;3;2;3;33;100;0;0;AI
3515103;2014;0;0;1;1130;99,8;0,1;0,1;AI
3515103;2014;5;0;1;965;99,8;0,1;0,1;AI
3515103;2014;4;0;1;165;100;0;0;AI
3515103;2014;3;0;1;558;99,6;0,2;0,2;AI
3515103;2014;2;0;1;407;100;0;0;AI
3515103;2014;0;1;1;1053;99,8;0,1;0,1;AI
3515103;2014;5;1;1;938;99,8;0,1;0,1;AI
3515103;2014;4;1;1;115;100;0;0;AI
3515103;2014;3;1;1;531;99,6;0,2;0,2;AI
3515103;2014;2;1;1;407;100;0;0;AI
3515103;2014;0;2;1;77;100;0;0;AI
3515103;2014;5;2;1;27;100;0;0;AI
3515103;2014;4;2;1;50;100;0;0;AI
3515103;2014;3;2;1;27;100;0;0;AI
3515103;2014;0;0;2;1166;98,5;1,4;0,1;AI
3515103;2014;5;0;2;941;99,4;0,4;0,2;AI
3515103;2014;4;0;2;225;94,6;5,4;0;AI
3515103;2014;3;0;2;318;98,4;1,3;0,3;AI
3515103;2014;2;0;2;623;99,8;0;0,2;AI
3515103;2014;0;1;2;1029;99,1;0,8;0,1;AI
3515103;2014;5;1;2;919;99,5;0,4;0,1;AI
3515103;2014;4;1;2;110;96,4;3,6;0;AI
3515103;2014;3;1;2;296;98,6;1,4;0;AI
3515103;2014;2;1;2;623;99,8;0;0,2;AI
3515103;2014;0;2;2;137;93,4;5,9;0,7;AI
3515103;2014;5;2;2;22;95,5;0;4,5;AI
3515103;2014;4;2;2;115;93;7;0;AI
3515103;2014;3;2;2;22;95,5;0;4,5;AI
3515103;2014;0;0;4;1045;99,1;0,8;0,1;AI
3515103;2014;5;0;4;883;99,8;0,2;0;AI
3515103;2014;4;0;4;162;95,6;3,8;0,6;AI
3515103;2014;3;0;4;295;99,3;0,7;0;AI
3515103;2014;2;0;4;588;100;0;0;AI
3515103;2014;0;1;4;936;99,7;0,2;0,1;AI
3515103;2014;5;1;4;867;99,8;0,2;0;AI
3515103;2014;4;1;4;69;98,5;0;1,5;AI
3515103;2014;3;1;4;279;99,3;0,7;0;AI
3515103;2014;2;1;4;588;100;0;0;AI
3515103;2014;0;2;4;109;94,4;5,6;0;AI
3515103;2014;5;2;4;16;100;0;0;AI
3515103;2014;4;2;4;93;93,5;6,5;0;AI
3515103;2014;3;2;4;16;100;0;0;AI
3515103;2014;0;0;12;1122;91,8;5,4;2,8;EM
3515103;2014;5;0;12;1040;91,2;5,8;3;EM
3515103;2014;4;0;12;82;100;0;0;EM
3515103;2014;3;0;12;0;0;0;0;EM
3515103;2014;2;0;12;1040;91,2;5,8;3;EM
3515103;2014;0;1;12;1122;91,8;5,4;2,8;EM
3515103;2014;5;1;12;1040;91,2;5,8;3;EM
3515103;2014;4;1;12;82;100;0;0;EM
3515103;2014;3;1;12;0;0;0;0;EM
3515103;2014;2;1;12;1040;91,2;5,8;3;EM
3515103;2014;0;2;12;0;0;0;0;EM
3515103;2014;5;2;12;0;0;0;0;EM
3515103;2014;4;2;12;0;0;0;0;EM
3515103;2014;3;2;12;0;0;0;0;EM
3515103;2014;0;0;11;1400;83,8;11,8;4,4;EM
3515103;2014;5;0;11;1291;82,7;12,5;4,8;EM
3515103;2014;4;0;11;109;96,3;3,7;0;EM
3515103;2014;3;0;11;0;0;0;0;EM
3515103;2014;2;0;11;1291;82,7;12,5;4,8;EM
3515103;2014;0;2;11;0;0;0;0;EM
3515103;2014;5;2;11;0;0;0;0;EM
3515103;2014;0;1;11;1400;83,8;11,8;4,4;EM
3515103;2014;5;1;11;1291;82,7;12,5;4,8;EM
3515103;2014;4;1;11;109;96,3;3,7;0;EM
3515103;2014;3;1;11;0;0;0;0;EM
3515103;2014;2;1;11;1291;82,7;12,5;4,8;EM
3515103;2014;4;2;11;0;0;0;0;EM
3515103;2014;3;2;11;0;0;0;0;EM
3515103;2014;0;0;10;1564;84,2;10,3;5,5;EM
3515103;2014;5;0;10;1438;82,9;11,1;6;EM
3515103;2014;4;0;10;126;98,4;1,6;0;EM
3515103;2014;3;0;10;0;0;0;0;EM
3515103;2014;2;0;10;1438;82,9;11,1;6;EM
3515103;2014;0;1;10;1564;84,2;10,3;5,5;EM
3515103;2014;5;1;10;1438;82,9;11,1;6;EM
3515103;2014;4;1;10;126;98,4;1,6;0;EM
3515103;2014;3;1;10;0;0;0;0;EM
3515103;2014;2;1;10;1438;82,9;11,1;6;EM
3515103;2014;0;2;10;0;0;0;0;EM
3515103;2014;5;2;10;0;0;0;0;EM
3515103;2014;4;2;10;0;0;0;0;EM
3515103;2014;3;2;10;0;0;0;0;EM
3515103;2015;0;0;6;1127;97,9;1,7;0,4;AF
3515103;2015;5;0;6;961;98,1;1,5;0,4;AF
3515103;2015;2;0;6;879;98,1;1,4;0,5;AF
3515103;2015;3;0;6;82;97,4;2,6;0;AF
3515103;2015;4;0;6;166;97;3;0;AF
3515103;2015;0;1;6;1090;97,9;1,8;0,3;AF
3515103;2015;5;1;6;961;98,1;1,5;0,4;AF
3515103;2015;2;1;6;879;98,1;1,4;0,5;AF
3515103;2015;3;1;6;82;97,4;2,6;0;AF
3515103;2015;4;1;6;129;96,2;3,8;0;AF
3515103;2015;0;2;6;37;100;0;0;AF
3515103;2015;5;2;6;0;0;0;0;AF
3515103;2015;3;2;6;0;0;0;0;AF
3515103;2015;4;2;6;37;100;0;0;AF
3515103;2015;0;0;8;1215;97,6;1,8;0,6;AF
3515103;2015;5;0;8;1085;97,8;1,7;0,5;AF
3515103;2015;2;0;8;996;97,9;1,5;0,6;AF
3515103;2015;3;0;8;89;96,5;3,5;0;AF
3515103;2015;4;0;8;130;96,2;3,1;0,7;AF
3515103;2015;0;1;8;1180;97,5;1,9;0,6;AF
3515103;2015;5;1;8;1085;97,8;1,7;0,5;AF
3515103;2015;2;1;8;996;97,9;1,5;0,6;AF
3515103;2015;3;1;8;89;96,5;3,5;0;AF
3515103;2015;4;1;8;95;94,8;4,2;1;AF
3515103;2015;0;2;8;35;100;0;0;AF
3515103;2015;5;2;8;0;0;0;0;AF
3515103;2015;3;2;8;0;0;0;0;AF
3515103;2015;4;2;8;35;100;0;0;AF
3515103;2015;0;0;7;1140;97,7;2;0,3;AF
3515103;2015;5;0;7;991;97,8;1,9;0,3;AF
3515103;2015;2;0;7;903;98,4;1,2;0,4;AF
3515103;2015;3;0;7;88;90,6;9,4;0;AF
3515103;2015;4;0;7;149;97,2;2,8;0;AF
3515103;2015;0;1;7;1102;97,8;1,9;0,3;AF
3515103;2015;5;1;7;991;97,8;1,9;0,3;AF
3515103;2015;2;1;7;903;98,4;1,2;0,4;AF
3515103;2015;3;1;7;88;90,6;9,4;0;AF
3515103;2015;4;1;7;111;98,1;1,9;0;AF
3515103;2015;0;2;7;38;94,7;5,3;0;AF
3515103;2015;5;2;7;0;0;0;0;AF
3515103;2015;3;2;7;0;0;0;0;AF
3515103;2015;4;2;7;38;94,7;5,3;0;AF
3515103;2015;0;0;9;1356;92,2;5,7;2,1;AF
3515103;2015;5;0;9;1204;91,7;6;2,3;AF
3515103;2015;2;0;9;1122;91,5;6;2,5;AF
3515103;2015;3;0;9;82;94;6;0;AF
3515103;2015;4;0;9;152;96,2;3,8;0;AF
3515103;2015;0;1;9;1313;91,9;5,9;2,2;AF
3515103;2015;5;1;9;1204;91,7;6;2,3;AF
3515103;2015;2;1;9;1122;91,5;6;2,5;AF
3515103;2015;3;1;9;82;94;6;0;AF
3515103;2015;4;1;9;109;94,7;5,3;0;AF
3515103;2015;0;2;9;43;100;0;0;AF
3515103;2015;5;2;9;0;100;0;0;AF
3515103;2015;3;2;9;0;100;0;0;AF
3515103;2015;4;2;9;43;100;0;0;AF
3515103;2015;0;0;1;1134;99,6;0,1;0,3;AI
3515103;2015;5;0;1;892;99,4;0,1;0,5;AI
3515103;2015;2;0;1;389;99,7;0;0,3;AI
3515103;2015;3;0;1;503;99,2;0,2;0,6;AI
3515103;2015;4;0;1;242;100;0;0;AI
3515103;2015;0;1;1;997;99,5;0,1;0,4;AI
3515103;2015;5;1;1;866;99,4;0,1;0,5;AI
3515103;2015;2;1;1;389;99,7;0;0,3;AI
3515103;2015;3;1;1;477;99,1;0,2;0,7;AI
3515103;2015;4;1;1;131;100;0;0;AI
3515103;2015;0;2;1;137;100;0;0;AI
3515103;2015;5;2;1;26;100;0;0;AI
3515103;2015;3;2;1;26;100;0;0;AI
3515103;2015;4;2;1;111;100;0;0;AI
3515103;2015;0;0;5;1049;99,2;0,8;0;AI
3515103;2015;5;0;5;879;99,4;0,6;0;AI
3515103;2015;2;0;5;573;100;0;0;AI
3515103;2015;3;0;5;306;98,4;1,6;0;AI
3515103;2015;4;0;5;170;98,3;1,7;0;AI
3515103;2015;0;1;5;946;99,3;0,7;0;AI
3515103;2015;5;1;5;864;99,4;0,6;0;AI
3515103;2015;2;1;5;573;100;0;0;AI
3515103;2015;3;1;5;291;98,3;1,7;0;AI
3515103;2015;4;1;5;82;97,6;2,4;0;AI
3515103;2015;0;2;5;103;99;1;0;AI
3515103;2015;5;2;5;15;100;0;0;AI
3515103;2015;3;2;5;15;100;0;0;AI
3515103;2015;4;2;5;88;98,9;1,1;0;AI
3515103;2015;0;0;3;1196;97,3;2,6;0,1;AI
3515103;2015;5;0;3;964;97,5;2,4;0,1;AI
3515103;2015;2;0;3;620;98,5;1,5;0;AI
3515103;2015;3;0;3;344;95,5;4,2;0,3;AI
3515103;2015;4;0;3;232;96,6;3,4;0;AI
3515103;2015;0;1;3;1053;97,5;2,4;0,1;AI
3515103;2015;5;1;3;944;97,5;2,4;0,1;AI
3515103;2015;2;1;3;620;98,5;1,5;0;AI
3515103;2015;3;1;3;324;95,6;4,1;0,3;AI
3515103;2015;4;1;3;109;97,3;2,7;0;AI
3515103;2015;0;2;3;143;95,7;4,3;0;AI
3515103;2015;5;2;3;20;94,4;5,6;0;AI
3515103;2015;3;2;3;20;94,4;5,6;0;AI
3515103;2015;4;2;3;123;95,9;4,1;0;AI
3515103;2015;0;0;2;1157;99,6;0,3;0,1;AI
3515103;2015;5;0;2;921;99,8;0,1;0,1;AI
3515103;2015;2;0;2;551;99,8;0,2;0;AI
3515103;2015;3;0;2;370;99,7;0;0,3;AI
3515103;2015;4;0;2;236;99,2;0,8;0;AI
3515103;2015;0;1;2;1008;99,7;0,2;0,1;AI
3515103;2015;5;1;2;892;99,8;0,1;0,1;AI
3515103;2015;2;1;2;551;99,8;0,2;0;AI
3515103;2015;3;1;2;341;99,7;0;0,3;AI
3515103;2015;4;1;2;116;99,1;0,9;0;AI
3515103;2015;0;2;2;149;99,3;0,7;0;AI
3515103;2015;5;2;2;29;100;0;0;AI
3515103;2015;3;2;2;29;100;0;0;AI
3515103;2015;4;2;2;120;99,2;0,8;0;AI
3515103;2015;0;0;4;997;99,5;0,3;0,2;AI
3515103;2015;5;0;4;825;99,9;0,1;0;AI
3515103;2015;2;0;4;520;100;0;0;AI
3515103;2015;3;0;4;305;99,7;0,3;0;AI
3515103;2015;4;0;4;172;97,7;1,1;1,2;AI
3515103;2015;0;1;4;873;99,5;0,2;0,3;AI
3515103;2015;5;1;4;794;99,9;0,1;0;AI
3515103;2015;2;1;4;520;100;0;0;AI
3515103;2015;3;1;4;274;99,6;0,4;0;AI
3515103;2015;4;1;4;79;96,3;1,2;2,5;AI
3515103;2015;0;2;4;124;99,2;0,8;0;AI
3515103;2015;5;2;4;31;100;0;0;AI
3515103;2015;3;2;4;31;100;0;0;AI
3515103;2015;4;2;4;93;98,9;1,1;0;AI
3515103;2015;0;0;12;1178;93,2;4;2,8;EM
3515103;2015;5;0;12;1076;92,7;4,3;3;EM
3515103;2015;2;0;12;1076;92,7;4,3;3;EM
3515103;2015;3;0;12;0;0;0;0;EM
3515103;2015;4;0;12;102;99;1;0;EM
3515103;2015;0;1;12;1178;93,2;4;2,8;EM
3515103;2015;5;1;12;1076;92,7;4,3;3;EM
3515103;2015;2;1;12;1076;92,7;4,3;3;EM
3515103;2015;3;1;12;0;0;0;0;EM
3515103;2015;4;1;12;102;99;1;0;EM
3515103;2015;0;2;12;0;0;0;0;EM
3515103;2015;5;2;12;0;0;0;0;EM
3515103;2015;3;2;12;0;0;0;0;EM
3515103;2015;4;2;12;0;0;0;0;EM
3515103;2015;0;0;11;1342;87,1;8,3;4,6;EM
3515103;2015;5;0;11;1217;86,1;8,8;5,1;EM
3515103;2015;2;0;11;1217;86,1;8,8;5,1;EM
3515103;2015;3;0;11;0;0;0;0;EM
3515103;2015;4;0;11;125;96;4;0;EM
3515103;2015;0;1;11;1342;87,1;8,3;4,6;EM
3515103;2015;5;1;11;1217;86,1;8,8;5,1;EM
3515103;2015;2;1;11;1217;86,1;8,8;5,1;EM
3515103;2015;3;1;11;0;0;0;0;EM
3515103;2015;4;1;11;125;96;4;0;EM
3515103;2015;0;2;11;0;0;0;0;EM
3515103;2015;5;2;11;0;0;0;0;EM
3515103;2015;3;2;11;0;0;0;0;EM
3515103;2015;4;2;11;0;0;0;0;EM
3515103;2015;0;0;10;1439;84;11,5;4,5;EM
3515103;2015;5;0;10;1315;83,1;12;4,9;EM
3515103;2015;2;0;10;1315;83,1;12;4,9;EM
3515103;2015;3;0;10;0;0;0;0;EM
3515103;2015;4;0;10;124;94,2;5,8;0;EM
3515103;2015;0;1;10;1439;84;11,5;4,5;EM
3515103;2015;5;1;10;1315;83,1;12;4,9;EM
3515103;2015;2;1;10;1315;83,1;12;4,9;EM
3515103;2015;3;1;10;0;0;0;0;EM
3515103;2015;4;1;10;124;94,2;5,8;0;EM
3515103;2015;0;2;10;0;0;0;0;EM
3515103;2015;5;2;10;0;0;0;0;EM
3515103;2015;3;2;10;0;0;0;0;EM
3515103;2015;4;2;10;0;0;0;0;EM
3515103;2016;0;0;9;1292;95,1;4;0,9;AF
3515103;2016;0;1;9;1258;95;4,1;0,9;AF
3515103;2016;0;2;9;34;100;0;0;AF
3515103;2016;2;0;9;1072;94,3;4,6;1,1;AF
3515103;2016;2;1;9;1072;94,3;4,6;1,1;AF
3515103;2016;3;0;9;80;98,7;1,3;0;AF
3515103;2016;3;1;9;80;98,7;1,3;0;AF
3515103;2016;3;2;9;0;0;0;0;AF
3515103;2016;4;0;9;140;99,3;0,7;0;AF
3515103;2016;4;1;9;106;99;1;0;AF
3515103;2016;4;2;9;34;100;0;0;AF
3515103;2016;5;0;9;1152;94,6;4,4;1;AF
3515103;2016;5;1;9;1152;94,6;4,4;1;AF
3515103;2016;5;2;9;0;0;0;0;AF
3515103;2016;0;0;8;1145;98,3;1,7;0;AF
3515103;2016;0;1;8;1107;98,5;1,5;0;AF
3515103;2016;0;2;8;38;91,9;8,1;0;AF
3515103;2016;2;0;8;927;98,6;1,4;0;AF
3515103;2016;2;1;8;927;98,6;1,4;0;AF
3515103;2016;3;0;8;72;100;0;0;AF
3515103;2016;3;1;8;72;100;0;0;AF
3515103;2016;3;2;8;0;0;0;0;AF
3515103;2016;4;0;8;146;95,8;4,2;0;AF
3515103;2016;4;1;8;108;97,2;2,8;0;AF
3515103;2016;4;2;8;38;91,9;8,1;0;AF
3515103;2016;5;0;8;999;98,7;1,3;0;AF
3515103;2016;5;1;8;999;98,7;1,3;0;AF
3515103;2016;5;2;8;0;0;0;0;AF
3515103;2016;0;0;6;1068;97,7;1,9;0,4;AF
3515103;2016;0;1;6;1028;97,9;1,7;0,4;AF
3515103;2016;0;2;6;40;92,5;7,5;0;AF
3515103;2016;2;0;6;816;97,6;1,9;0,5;AF
3515103;2016;2;1;6;816;97,6;1,9;0,5;AF
3515103;2016;3;0;6;82;96,5;2,3;1,2;AF
3515103;2016;3;1;6;82;96,5;2,3;1,2;AF
3515103;2016;3;2;6;0;0;0;0;AF
3515103;2016;4;0;6;170;98,3;1,7;0;AF
3515103;2016;4;1;6;130;100;0;0;AF
3515103;2016;4;2;6;40;92,5;7,5;0;AF
3515103;2016;5;0;6;898;97,5;1,9;0,6;AF
3515103;2016;5;1;6;898;97,5;1,9;0,6;AF
3515103;2016;5;2;6;0;0;0;0;AF
3515103;2016;0;0;7;1141;97,3;2,4;0,3;AF
3515103;2016;0;1;7;1101;97,5;2,3;0,2;AF
3515103;2016;0;2;7;40;92,5;7,5;0;AF
3515103;2016;2;0;7;883;97,9;1,8;0,3;AF
3515103;2016;2;1;7;883;97,9;1,8;0,3;AF
3515103;2016;3;0;7;81;92,3;7,7;0;AF
3515103;2016;3;1;7;81;92,3;7,7;0;AF
3515103;2016;3;2;7;0;0;0;0;AF
3515103;2016;4;0;7;177;96,6;3,4;0;AF
3515103;2016;4;1;7;137;97,8;2,2;0;AF
3515103;2016;4;2;7;40;92,5;7,5;0;AF
3515103;2016;5;0;7;964;97,4;2,3;0,3;AF
3515103;2016;5;1;7;964;97,4;2,3;0,3;AF
3515103;2016;5;2;7;0;0;0;0;AF
3515103;2016;0;0;2;1172;99,4;0,6;0;AI
3515103;2016;0;1;2;1022;99,3;0,7;0;AI
3515103;2016;0;2;2;150;100;0;0;AI
3515103;2016;2;0;2;512;99,8;0,2;0;AI
3515103;2016;2;1;2;512;99,8;0,2;0;AI
3515103;2016;3;0;2;409;99,3;0,7;0;AI
3515103;2016;3;1;2;385;99,2;0,8;0;AI
3515103;2016;3;2;2;24;100;0;0;AI
3515103;2016;4;0;2;251;98,8;1,2;0;AI
3515103;2016;4;1;2;125;97,6;2,4;0;AI
3515103;2016;4;2;2;126;100;0;0;AI
3515103;2016;5;0;2;921;99,6;0,4;0;AI
3515103;2016;5;1;2;897;99,5;0,5;0;AI
3515103;2016;5;2;2;24;100;0;0;AI
3515103;2016;0;0;1;1083;99,3;0,3;0,4;AI
3515103;2016;0;1;1;937;99,3;0,2;0,5;AI
3515103;2016;0;2;1;146;99,3;0,7;0;AI
3515103;2016;2;0;1;307;100;0;0;AI
3515103;2016;2;1;1;307;100;0;0;AI
3515103;2016;3;0;1;534;98,9;0,4;0,7;AI
3515103;2016;3;1;1;505;98,8;0,4;0,8;AI
3515103;2016;3;2;1;29;100;0;0;AI
3515103;2016;4;0;1;242;99,6;0,4;0;AI
3515103;2016;4;1;1;125;100;0;0;AI
3515103;2016;4;2;1;117;99,1;0,9;0;AI
3515103;2016;5;0;1;841;99,3;0,2;0,5;AI
3515103;2016;5;1;1;812;99,2;0,3;0,5;AI
3515103;2016;5;2;1;29;100;0;0;AI
3515103;2016;0;0;3;1194;96,8;3,1;0,1;AI
3515103;2016;0;1;3;1039;97,2;2,6;0,2;AI
3515103;2016;0;2;3;155;93,4;6,6;0;AI
3515103;2016;2;0;3;586;98,8;1,2;0;AI
3515103;2016;2;1;3;586;98,8;1,2;0;AI
3515103;2016;3;0;3;359;93,7;5,8;0,5;AI
3515103;2016;3;1;3;335;95,1;4,4;0,5;AI
3515103;2016;3;2;3;24;71,4;28,6;0;AI
3515103;2016;4;0;3;249;96,4;3,6;0;AI
3515103;2016;4;1;3;118;95,8;4,2;0;AI
3515103;2016;4;2;3;131;96,9;3,1;0;AI
3515103;2016;5;0;3;945;96,8;2,9;0,3;AI
3515103;2016;5;1;3;921;97,4;2,4;0,2;AI
3515103;2016;5;2;3;24;71,4;28,6;0;AI
3515103;2016;0;0;5;1021;98,7;1,3;0;AI
3515103;2016;0;1;5;899;99,2;0,8;0;AI
3515103;2016;0;2;5;122;95,1;4,9;0;AI
3515103;2016;2;0;5;520;100;0;0;AI
3515103;2016;2;1;5;520;100;0;0;AI
3515103;2016;3;0;5;322;97,5;2,5;0;AI
3515103;2016;3;1;5;297;97,9;2,1;0;AI
3515103;2016;3;2;5;25;92,3;7,7;0;AI
3515103;2016;4;0;5;179;97,2;2,8;0;AI
3515103;2016;4;1;5;82;98,8;1,2;0;AI
3515103;2016;4;2;5;97;95,9;4,1;0;AI
3515103;2016;5;0;5;842;99;1;0;AI
3515103;2016;5;1;5;817;99,3;0,7;0;AI
3515103;2016;5;2;5;25;92,3;7,7;0;AI
3515103;2016;0;0;4;1196;99,5;0,3;0,2;AI
3515103;2016;0;1;4;1051;99,5;0,3;0,2;AI
3515103;2016;0;2;4;145;99,3;0,7;0;AI
3515103;2016;2;0;4;625;99,8;0,2;0;AI
3515103;2016;2;1;4;625;99,8;0,2;0;AI
3515103;2016;3;0;4;328;99,1;0,3;0,6;AI
3515103;2016;3;1;4;312;99,1;0,3;0,6;AI
3515103;2016;3;2;4;16;100;0;0;AI
3515103;2016;4;0;4;243;99,2;0,8;0;AI
3515103;2016;4;1;4;114;99,1;0,9;0;AI
3515103;2016;4;2;4;129;99,2;0,8;0;AI
3515103;2016;5;0;4;953;99,6;0,2;0,2;AI
3515103;2016;5;1;4;937;99,6;0,2;0,2;AI
3515103;2016;5;2;4;16;100;0;0;AI
3515103;2016;0;0;12;1197;92,8;4,4;2,8;EM
3515103;2016;0;1;12;1197;92,8;4,4;2,8;EM
3515103;2016;0;2;12;0;0;0;0;EM
3515103;2016;2;0;12;1073;92;4,8;3,2;EM
3515103;2016;2;1;12;1073;92;4,8;3,2;EM
3515103;2016;3;0;12;0;0;0;0;EM
3515103;2016;3;1;12;0;0;0;0;EM
3515103;2016;3;2;12;0;0;0;0;EM
3515103;2016;4;0;12;124;100;0;0;EM
3515103;2016;4;1;12;124;100;0;0;EM
3515103;2016;4;2;12;0;0;0;0;EM
3515103;2016;5;0;12;1073;92;4,8;3,2;EM
3515103;2016;5;1;12;1073;92;4,8;3,2;EM
3515103;2016;5;2;12;0;0;0;0;EM
3515103;2016;0;0;10;1377;84,6;10,2;5,2;EM
3515103;2016;0;1;10;1377;84,6;10,2;5,2;EM
3515103;2016;0;2;10;0;0;0;0;EM
3515103;2016;2;0;10;1256;83,6;10,8;5,6;EM
3515103;2016;2;1;10;1256;83,6;10,8;5,6;EM
3515103;2016;3;0;10;0;0;0;0;EM
3515103;2016;3;1;10;0;0;0;0;EM
3515103;2016;3;2;10;0;0;0;0;EM
3515103;2016;4;0;10;121;94,3;4,1;1,6;EM
3515103;2016;4;1;10;121;94,3;4,1;1,6;EM
3515103;2016;4;2;10;0;0;0;0;EM
3515103;2016;5;0;10;1256;83,6;10,8;5,6;EM
3515103;2016;5;1;10;1256;83,6;10,8;5,6;EM
3515103;2016;5;2;10;0;0;0;0;EM
3515103;2016;0;0;11;1317;88,2;8,5;3,3;EM
3515103;2016;0;1;11;1317;88,2;8,5;3,3;EM
3515103;2016;0;2;11;0;0;0;0;EM
3515103;2016;2;0;11;1192;87,1;9,3;3,6;EM
3515103;2016;2;1;11;1192;87,1;9,3;3,6;EM
3515103;2016;3;0;11;0;0;0;0;EM
3515103;2016;3;1;11;0;0;0;0;EM
3515103;2016;3;2;11;0;0;0;0;EM
3515103;2016;4;0;11;125;99,2;0,8;0;EM
3515103;2016;4;1;11;125;99,2;0,8;0;EM
3515103;2016;4;2;11;0;0;0;0;EM
3515103;2016;5;0;11;1192;87,1;9,3;3,6;EM
3515103;2016;5;1;11;1192;87,1;9,3;3,6;EM
3515103;2016;5;2;11;0;0;0;0;EM
3515103;2017;0;1;8;1103;98,7;1,3;0;AF
3515103;2017;0;0;8;1142;98,7;1,3;0;AF
3515103;2017;0;2;8;39;100;0;0;AF
3515103;2017;5;1;8;960;98,7;1,3;0;AF
3515103;2017;5;0;8;960;98,7;1,3;0;AF
3515103;2017;5;2;8;0;0;0;0;AF
3515103;2017;4;1;8;143;98,6;1,4;0;AF
3515103;2017;4;0;8;182;98,9;1,1;0;AF
3515103;2017;4;2;8;39;100;0;0;AF
3515103;2017;3;1;8;81;96,2;3,8;0;AF
3515103;2017;3;0;8;81;96,2;3,8;0;AF
3515103;2017;3;2;8;0;0;0;0;AF
3515103;2017;2;1;8;879;98,9;1,1;0;AF
3515103;2017;2;0;8;879;98,9;1,1;0;AF
3515103;2017;0;1;9;1146;95,7;3,9;0,4;AF
3515103;2017;0;0;9;1180;95,9;3,8;0,3;AF
3515103;2017;0;2;9;34;100;0;0;AF
3515103;2017;5;1;9;1037;95,4;4,3;0,3;AF
3515103;2017;5;0;9;1037;95,4;4,3;0,3;AF
3515103;2017;5;2;9;0;0;0;0;AF
3515103;2017;4;1;9;109;99,1;0;0,9;AF
3515103;2017;4;0;9;143;99,3;0;0,7;AF
3515103;2017;4;2;9;34;100;0;0;AF
3515103;2017;3;1;9;64;96,8;3,2;0;AF
3515103;2017;3;0;9;64;96,8;3,2;0;AF
3515103;2017;3;2;9;0;0;0;0;AF
3515103;2017;2;1;9;973;95,3;4,4;0,3;AF
3515103;2017;2;0;9;973;95,3;4,4;0,3;AF
3515103;2017;0;1;6;949;99;0,8;0,2;AF
3515103;2017;0;0;6;1018;98,5;1,3;0,2;AF
3515103;2017;0;2;6;69;91,2;8,8;0;AF
3515103;2017;5;1;6;826;99;0,7;0,3;AF
3515103;2017;5;0;6;826;99;0,7;0,3;AF
3515103;2017;5;2;6;0;0;0;0;AF
3515103;2017;4;1;6;123;99,2;0,8;0;AF
3515103;2017;4;0;6;192;96,3;3,7;0;AF
3515103;2017;4;2;6;69;91,2;8,8;0;AF
3515103;2017;3;1;6;70;98,5;1,5;0;AF
3515103;2017;3;0;6;70;98,5;1,5;0;AF
3515103;2017;3;2;6;0;0;0;0;AF
3515103;2017;2;1;6;756;99,1;0,7;0,2;AF
3515103;2017;2;0;6;756;99,1;0,7;0,2;AF
3515103;2017;0;1;7;1011;98,6;1,1;0,3;AF
3515103;2017;0;0;7;1050;98,5;1,2;0,3;AF
3515103;2017;0;2;7;39;97,4;2,6;0;AF
3515103;2017;5;1;7;871;98,7;0,9;0,4;AF
3515103;2017;5;0;7;871;98,7;0,9;0,4;AF
3515103;2017;5;2;7;0;0;0;0;AF
3515103;2017;4;1;7;140;97,8;2,2;0;AF
3515103;2017;4;0;7;179;97,7;2,3;0;AF
3515103;2017;4;2;7;39;97,4;2,6;0;AF
3515103;2017;3;1;7;85;98,8;1,2;0;AF
3515103;2017;3;0;7;85;98,8;1,2;0;AF
3515103;2017;3;2;7;0;0;0;0;AF
3515103;2017;2;1;7;786;98,7;0,9;0,4;AF
3515103;2017;2;0;7;786;98,7;0,9;0,4;AF
3515103;2017;0;1;1;1051;99,9;0;0,1;AI
3515103;2017;0;0;1;1209;99,9;0;0,1;AI
3515103;2017;0;2;1;158;100;0;0;AI
3515103;2017;5;1;1;900;99,9;0;0,1;AI
3515103;2017;5;0;1;937;99,9;0;0,1;AI
3515103;2017;5;2;1;37;100;0;0;AI
3515103;2017;4;1;1;151;100;0;0;AI
3515103;2017;4;0;1;272;100;0;0;AI
3515103;2017;4;2;1;121;100;0;0;AI
3515103;2017;3;1;1;553;99,8;0;0,2;AI
3515103;2017;3;0;1;590;99,8;0;0,2;AI
3515103;2017;3;2;1;37;100;0;0;AI
3515103;2017;2;1;1;347;100;0;0;AI
3515103;2017;2;0;1;347;100;0;0;AI
3515103;2017;0;1;3;1024;99;1;0;AI
3515103;2017;0;0;3;1181;98,7;1,1;0,2;AI
3515103;2017;0;2;3;157;96,8;1,9;1,3;AI
3515103;2017;5;1;3;890;98,9;1,1;0;AI
3515103;2017;5;0;3;918;98,4;1,3;0,3;AI
3515103;2017;5;2;3;28;85,2;7,4;7,4;AI
3515103;2017;4;1;3;134;100;0;0;AI
3515103;2017;4;0;3;263;99,6;0,4;0;AI
3515103;2017;4;2;3;129;99,2;0,8;0;AI
3515103;2017;3;1;3;371;97,8;2,2;0;AI
3515103;2017;3;0;3;399;96,9;2,6;0,5;AI
3515103;2017;3;2;3;28;85,2;7,4;7,4;AI
3515103;2017;2;1;3;519;99,6;0,4;0;AI
3515103;2017;2;0;3;519;99,6;0,4;0;AI
3515103;2017;0;1;2;941;99,7;0,2;0,1;AI
3515103;2017;0;0;2;1092;99,7;0,2;0,1;AI
3515103;2017;0;2;2;151;100;0;0;AI
3515103;2017;5;1;2;811;99,9;0;0,1;AI
3515103;2017;5;0;2;834;99,9;0;0,1;AI
3515103;2017;5;2;2;23;100;0;0;AI
3515103;2017;4;1;2;130;98,5;1,5;0;AI
3515103;2017;4;0;2;258;99,2;0,8;0;AI
3515103;2017;4;2;2;128;100;0;0;AI
3515103;2017;3;1;2;369;99,7;0;0,3;AI
3515103;2017;3;0;2;392;99,7;0;0,3;AI
3515103;2017;3;2;2;23;100;0;0;AI
3515103;2017;2;1;2;442;100;0;0;AI
3515103;2017;2;0;2;442;100;0;0;AI
3515103;2017;0;1;4;1020;99,9;0,1;0;AI
3515103;2017;0;0;4;1161;99,8;0,2;0;AI
3515103;2017;0;2;4;141;99,3;0,7;0;AI
3515103;2017;5;1;4;901;99,9;0,1;0;AI
3515103;2017;5;0;4;911;99,9;0,1;0;AI
3515103;2017;5;2;4;10;100;0;0;AI
3515103;2017;4;1;4;119;100;0;0;AI
3515103;2017;4;0;4;250;99,6;0,4;0;AI
3515103;2017;4;2;4;131;99,2;0,8;0;AI
3515103;2017;3;1;4;324;100;0;0;AI
3515103;2017;3;0;4;334;100;0;0;AI
3515103;2017;3;2;4;10;100;0;0;AI
3515103;2017;2;1;4;577;99,8;0,2;0;AI
3515103;2017;2;0;4;577;99,8;0,2;0;AI
3515103;2017;0;1;5;1058;99,9;0,1;0;AI
3515103;2017;0;0;5;1203;99,9;0,1;0;AI
3515103;2017;0;2;5;145;100;0;0;AI
3515103;2017;5;1;5;943;99,9;0,1;0;AI
3515103;2017;5;0;5;956;99,9;0,1;0;AI
3515103;2017;5;2;5;13;100;0;0;AI
3515103;2017;4;1;5;115;100;0;0;AI
3515103;2017;4;0;5;247;100;0;0;AI
3515103;2017;4;2;5;132;100;0;0;AI
3515103;2017;3;1;5;307;100;0;0;AI
3515103;2017;3;0;5;320;100;0;0;AI
3515103;2017;3;2;5;13;100;0;0;AI
3515103;2017;2;1;5;636;99,8;0,2;0;AI
3515103;2017;2;0;5;636;99,8;0,2;0;AI
3515103;2017;0;1;11;1262;88,9;7,9;3,2;EM
3515103;2017;0;0;11;1262;88,9;7,9;3,2;EM
3515103;2017;0;2;11;0;0;0;0;EM
3515103;2017;5;1;11;1154;87,9;8,6;3,5;EM
3515103;2017;5;0;11;1154;87,9;8,6;3,5;EM
3515103;2017;5;2;11;0;0;0;0;EM
3515103;2017;4;1;11;108;100;0;0;EM
3515103;2017;4;0;11;108;100;0;0;EM
3515103;2017;4;2;11;0;0;0;0;EM
3515103;2017;3;1;11;0;0;0;0;EM
3515103;2017;3;0;11;0;0;0;0;EM
3515103;2017;3;2;11;0;0;0;0;EM
3515103;2017;2;1;11;1154;87,9;8,6;3,5;EM
3515103;2017;2;0;11;1154;87,9;8,6;3,5;EM
3515103;2017;0;1;10;1327;87,2;10,5;2,3;EM
3515103;2017;0;0;10;1327;87,2;10,5;2,3;EM
3515103;2017;0;2;10;0;0;0;0;EM
3515103;2017;5;1;10;1217;86,2;11,3;2,5;EM
3515103;2017;5;0;10;1217;86,2;11,3;2,5;EM
3515103;2017;5;2;10;0;0;0;0;EM
3515103;2017;4;1;10;110;98,1;1,9;0;EM
3515103;2017;4;0;10;110;98,1;1,9;0;EM
3515103;2017;4;2;10;0;0;0;0;EM
3515103;2017;3;1;10;0;0;0;0;EM
3515103;2017;3;0;10;0;0;0;0;EM
3515103;2017;3;2;10;0;0;0;0;EM
3515103;2017;2;1;10;1217;86,2;11,3;2,5;EM
3515103;2017;2;0;10;1217;86,2;11,3;2,5;EM
3515103;2017;0;1;12;1175;95,6;3,5;0,9;EM
3515103;2017;0;0;12;1175;95,6;3,5;0,9;EM
3515103;2017;0;2;12;0;0;0;0;EM
3515103;2017;5;1;12;1067;95,1;3,9;1;EM
3515103;2017;5;0;12;1067;95,1;3,9;1;EM
3515103;2017;5;2;12;0;0;0;0;EM
3515103;2017;4;1;12;108;100;0;0;EM
3515103;2017;4;0;12;108;100;0;0;EM
3515103;2017;4;2;12;0;0;0;0;EM
3515103;2017;3;1;12;0;0;0;0;EM
3515103;2017;3;0;12;0;0;0;0;EM
3515103;2017;3;2;12;0;0;0;0;EM
3515103;2017;2;1;12;1067;95,1;3,9;1;EM
3515103;2017;2;0;12;1067;95,1;3,9;1;EM
3515103;2018;0;0;6;1206;99,7;0,2;0,1;AF
3515103;2018;0;0;7;1002;99,1;0,6;0,3;AF
3515103;2018;0;0;8;1043;98,3;1,4;0,3;AF
3515103;2018;0;0;9;1138;96,8;2,5;0,7;AF
3515103;2018;0;1;6;1132;99,7;0,2;0,1;AF
3515103;2018;0;1;7;931;99;0,7;0,3;AF
3515103;2018;0;1;8;1004;98,2;1,5;0,3;AF
3515103;2018;0;1;9;1098;96,7;2,6;0,7;AF
3515103;2018;0;2;6;74;98,7;1,3;0;AF
3515103;2018;0;2;7;71;100;0;0;AF
3515103;2018;0;2;8;39;100;0;0;AF
3515103;2018;0;2;9;40;100;0;0;AF
3515103;2018;2;0;6;893;99,8;0,1;0,1;AF
3515103;2018;2;0;7;760;99,1;0,7;0,2;AF
3515103;2018;2;0;8;785;98,3;1,5;0,2;AF
3515103;2018;2;0;9;904;96,5;2,7;0,8;AF
3515103;2018;2;1;6;893;99,8;0,1;0,1;AF
3515103;2018;2;1;7;760;99,1;0,7;0,2;AF
3515103;2018;2;1;8;785;98,3;1,5;0,2;AF
3515103;2018;2;1;9;904;96,5;2,7;0,8;AF
3515103;2018;3;0;6;76;100;0;0;AF
3515103;2018;3;0;7;57;98,3;1,7;0;AF
3515103;2018;3;0;8;80;97,5;2,5;0;AF
3515103;2018;3;0;9;66;98,4;1,6;0;AF
3515103;2018;3;1;6;76;100;0;0;AF
3515103;2018;3;1;7;57;98,3;1,7;0;AF
3515103;2018;3;1;8;80;97,5;2,5;0;AF
3515103;2018;3;1;9;66;98,4;1,6;0;AF
3515103;2018;3;2;6;0;0;0;0;AF
3515103;2018;3;2;7;0;0;0;0;AF
3515103;2018;3;2;8;0;0;0;0;AF
3515103;2018;3;2;9;0;0;0;0;AF
3515103;2018;4;0;6;237;99,2;0,8;0;AF
3515103;2018;4;0;7;185;99,5;0;0,5;AF
3515103;2018;4;0;8;178;98,3;0,6;1,1;AF
3515103;2018;4;0;9;168;98,2;1,8;0;AF
3515103;2018;4;1;6;163;99,4;0,6;0;AF
3515103;2018;4;1;7;114;99,1;0;0,9;AF
3515103;2018;4;1;8;139;97,9;0,7;1,4;AF
3515103;2018;4;1;9;128;97,7;2,3;0;AF
3515103;2018;4;2;6;74;98,7;1,3;0;AF
3515103;2018;4;2;7;71;100;0;0;AF
3515103;2018;4;2;8;39;100;0;0;AF
3515103;2018;4;2;9;40;100;0;0;AF
3515103;2018;5;0;6;969;99,8;0,1;0,1;AF
3515103;2018;5;0;7;817;99;0,7;0,3;AF
3515103;2018;5;0;8;865;98,3;1,6;0,1;AF
3515103;2018;5;0;9;970;96,6;2,7;0,7;AF
3515103;2018;5;1;6;969;99,8;0,1;0,1;AF
3515103;2018;5;1;7;817;99;0,7;0,3;AF
3515103;2018;5;1;8;865;98,3;1,6;0,1;AF
3515103;2018;5;1;9;970;96,6;2,7;0,7;AF
3515103;2018;5;2;6;0;0;0;0;AF
3515103;2018;5;2;7;0;0;0;0;AF
3515103;2018;5;2;8;0;0;0;0;AF
3515103;2018;5;2;9;0;0;0;0;AF
3515103;2018;0;0;1;1203;99,8;0;0,2;AI
3515103;2018;0;0;2;1191;99,9;0;0,1;AI
3515103;2018;0;0;3;1104;99,4;0,5;0,1;AI
3515103;2018;0;0;4;1174;99,8;0,2;0;AI
3515103;2018;0;0;5;1158;99,7;0,2;0,1;AI
3515103;2018;0;1;1;1057;99,7;0;0,3;AI
3515103;2018;0;1;2;1033;99,9;0;0,1;AI
3515103;2018;0;1;3;945;99,4;0,5;0,1;AI
3515103;2018;0;1;4;1024;99,8;0,2;0;AI
3515103;2018;0;1;5;1015;99,9;0;0,1;AI
3515103;2018;0;2;1;146;100;0;0;AI
3515103;2018;0;2;2;158;100;0;0;AI
3515103;2018;0;2;3;159;99,3;0,7;0;AI
3515103;2018;0;2;4;150;100;0;0;AI
3515103;2018;0;2;5;143;98,6;1,4;0;AI
3515103;2018;2;0;1;407;99,8;0;0,2;AI
3515103;2018;2;0;2;500;100;0;0;AI
3515103;2018;2;0;3;467;99,8;0;0,2;AI
3515103;2018;2;0;4;535;100;0;0;AI
3515103;2018;2;0;5;576;99,8;0;0,2;AI
3515103;2018;2;1;1;407;99,8;0;0,2;AI
3515103;2018;2;1;2;500;100;0;0;AI
3515103;2018;2;1;3;467;99,8;0;0,2;AI
3515103;2018;2;1;4;535;100;0;0;AI
3515103;2018;2;1;5;576;99,8;0;0,2;AI
3515103;2018;3;0;1;537;99,8;0;0,2;AI
3515103;2018;3;0;2;410;99,8;0;0,2;AI
3515103;2018;3;0;3;377;99,2;0,8;0;AI
3515103;2018;3;0;4;375;100;0;0;AI
3515103;2018;3;0;5;334;100;0;0;AI
3515103;2018;3;1;1;512;99,8;0;0,2;AI
3515103;2018;3;1;2;386;99,7;0;0,3;AI
3515103;2018;3;1;3;351;99,1;0,9;0;AI
3515103;2018;3;1;4;351;100;0;0;AI
3515103;2018;3;1;5;318;100;0;0;AI
3515103;2018;3;2;1;25;100;0;0;AI
3515103;2018;3;2;2;24;100;0;0;AI
3515103;2018;3;2;3;26;100;0;0;AI
3515103;2018;3;2;4;24;100;0;0;AI
3515103;2018;3;2;5;16;100;0;0;AI
3515103;2018;4;0;1;259;99,6;0;0,4;AI
3515103;2018;4;0;2;281;100;0;0;AI
3515103;2018;4;0;3;260;98,8;1,2;0;AI
3515103;2018;4;0;4;264;99,2;0,8;0;AI
3515103;2018;4;0;5;248;99,2;0,8;0;AI
3515103;2018;4;1;1;138;99,3;0;0,7;AI
3515103;2018;4;1;2;147;100;0;0;AI
3515103;2018;4;1;3;127;98,4;1,6;0;AI
3515103;2018;4;1;4;138;98,6;1,4;0;AI
3515103;2018;4;1;5;121;100;0;0;AI
3515103;2018;4;2;1;121;100;0;0;AI
3515103;2018;4;2;2;134;100;0;0;AI
3515103;2018;4;2;3;133;99,2;0,8;0;AI
3515103;2018;4;2;4;126;100;0;0;AI
3515103;2018;4;2;5;127;98,4;1,6;0;AI
3515103;2018;5;0;1;944;99,8;0;0,2;AI
3515103;2018;5;0;2;910;99,9;0;0,1;AI
3515103;2018;5;0;3;844;99,5;0,4;0,1;AI
3515103;2018;5;0;4;910;100;0;0;AI
3515103;2018;5;0;5;910;99,9;0;0,1;AI
3515103;2018;5;1;1;919;99,8;0;0,2;AI
3515103;2018;5;1;2;886;99,9;0;0,1;AI
3515103;2018;5;1;3;818;99,5;0,4;0,1;AI
3515103;2018;5;1;4;886;100;0;0;AI
3515103;2018;5;1;5;894;99,9;0;0,1;AI
3515103;2018;5;2;1;25;100;0;0;AI
3515103;2018;5;2;2;24;100;0;0;AI
3515103;2018;5;2;3;26;100;0;0;AI
3515103;2018;5;2;4;24;100;0;0;AI
3515103;2018;5;2;5;16;100;0;0;AI
3515103;2018;0;0;10;1206;88,8;9;2,2;EM
3515103;2018;0;0;11;1212;91,4;5,4;3,2;EM
3515103;2018;0;0;12;1097;96,7;1,6;1,7;EM
3515103;2018;0;1;10;1206;88,8;9;2,2;EM
3515103;2018;0;1;11;1212;91,4;5,4;3,2;EM
3515103;2018;0;1;12;1097;96,7;1,6;1,7;EM
3515103;2018;0;2;10;0;0;0;0;EM
3515103;2018;0;2;11;0;0;0;0;EM
3515103;2018;0;2;12;0;0;0;0;EM
3515103;2018;2;0;10;1092;87,9;9,7;2,4;EM
3515103;2018;2;0;11;1117;90,7;5,9;3,4;EM
3515103;2018;2;0;12;999;96,4;1,7;1,9;EM
3515103;2018;2;1;10;1092;87,9;9,7;2,4;EM
3515103;2018;2;1;11;1117;90,7;5,9;3,4;EM
3515103;2018;2;1;12;999;96,4;1,7;1,9;EM
3515103;2018;3;0;10;0;0;0;0;EM
3515103;2018;3;0;11;0;0;0;0;EM
3515103;2018;3;0;12;0;0;0;0;EM
3515103;2018;3;1;10;0;0;0;0;EM
3515103;2018;3;1;11;0;0;0;0;EM
3515103;2018;3;1;12;0;0;0;0;EM
3515103;2018;3;2;10;0;0;0;0;EM
3515103;2018;3;2;11;0;0;0;0;EM
3515103;2018;3;2;12;0;0;0;0;EM
3515103;2018;4;0;10;114;97,5;2,5;0;EM
3515103;2018;4;0;11;95;100;0;0;EM
3515103;2018;4;0;12;98;100;0;0;EM
3515103;2018;4;1;10;114;97,5;2,5;0;EM
3515103;2018;4;1;11;95;100;0;0;EM
3515103;2018;4;1;12;98;100;0;0;EM
3515103;2018;4;2;10;0;0;0;0;EM
3515103;2018;4;2;11;0;0;0;0;EM
3515103;2018;4;2;12;0;0;0;0;EM
3515103;2018;5;0;10;1092;87,9;9,7;2,4;EM
3515103;2018;5;0;11;1117;90,7;5,9;3,4;EM
3515103;2018;5;0;12;999;96,4;1,7;1,9;EM
3515103;2018;5;1;10;1092;87,9;9,7;2,4;EM
3515103;2018;5;1;11;1117;90,7;5,9;3,4;EM
3515103;2018;5;1;12;999;96,4;1,7;1,9;EM
3515103;2018;5;2;10;0;0;0;0;EM
3515103;2018;5;2;11;0;0;0;0;EM
3515103;2018;5;2;12;0;0;0;0;EM
3515103;2019;0;0;6;1160;99,1;0,9;0;AF
3515103;2019;0;0;7;1213;98,1;1,8;0,1;AF
3515103;2019;0;0;8;981;97,8;1,8;0,4;AF
3515103;2019;0;0;9;1037;99,3;0,5;0,2;AF
3515103;2019;0;1;6;1076;99,6;0,4;0;AF
3515103;2019;0;1;7;1138;99,1;0,7;0,2;AF
3515103;2019;0;1;8;911;98,9;0,7;0,4;AF
3515103;2019;0;1;9;997;99,3;0,5;0,2;AF
3515103;2019;0;2;6;84;92,9;7,1;0;AF
3515103;2019;0;2;7;75;82,2;17,8;0;AF
3515103;2019;0;2;8;70;84,1;15,9;0;AF
3515103;2019;0;2;9;40;100;0;0;AF
3515103;2019;2;0;6;832;99,8;0,2;0;AF
3515103;2019;2;0;7;910;99,6;0,3;0,1;AF
3515103;2019;2;0;8;732;98,9;0,8;0,3;AF
3515103;2019;2;0;9;803;99,1;0,6;0,3;AF
3515103;2019;2;1;6;832;99,8;0,2;0;AF
3515103;2019;2;1;7;910;99,6;0,3;0,1;AF
3515103;2019;2;1;8;732;98,9;0,8;0,3;AF
3515103;2019;2;1;9;803;99,1;0,6;0,3;AF
3515103;2019;3;0;6;77;98,6;1,4;0;AF
3515103;2019;3;0;7;71;95,8;2,8;1,4;AF
3515103;2019;3;0;8;60;96,6;0;3,4;AF
3515103;2019;3;0;9;57;100;0;0;AF
3515103;2019;3;1;6;77;98,6;1,4;0;AF
3515103;2019;3;1;7;71;95,8;2,8;1,4;AF
3515103;2019;3;1;8;60;96,6;0;3,4;AF
3515103;2019;3;1;9;57;100;0;0;AF
3515103;2019;3;2;6;0;0;0;0;AF
3515103;2019;3;2;7;0;0;0;0;AF
3515103;2019;3;2;8;0;0;0;0;AF
3515103;2019;3;2;9;0;0;0;0;AF
3515103;2019;4;0;6;251;97,3;2,7;0;AF
3515103;2019;4;0;7;232;93;7;0;AF
3515103;2019;4;0;8;189;94;6;0;AF
3515103;2019;4;0;9;177;100;0;0;AF
3515103;2019;4;1;6;167;99,4;0,6;0;AF
3515103;2019;4;1;7;157;98,1;1,9;0;AF
3515103;2019;4;1;8;119;100;0;0;AF
3515103;2019;4;1;9;137;100;0;0;AF
3515103;2019;4;2;6;84;92,9;7,1;0;AF
3515103;2019;4;2;7;75;82,2;17,8;0;AF
3515103;2019;4;2;8;70;84,1;15,9;0;AF
3515103;2019;4;2;9;40;100;0;0;AF
3515103;2019;5;0;6;909;99,7;0,3;0;AF
3515103;2019;5;0;7;981;99,3;0,5;0,2;AF
3515103;2019;5;0;8;792;98,7;0,8;0,5;AF
3515103;2019;5;0;9;860;99,2;0,6;0,2;AF
3515103;2019;5;1;6;909;99,7;0,3;0;AF
3515103;2019;5;1;7;981;99,3;0,5;0,2;AF
3515103;2019;5;1;8;792;98,7;0,8;0,5;AF
3515103;2019;5;1;9;860;99,2;0,6;0,2;AF
3515103;2019;5;2;6;0;0;0;0;AF
3515103;2019;5;2;7;0;0;0;0;AF
3515103;2019;5;2;8;0;0;0;0;AF
3515103;2019;5;2;9;0;0;0;0;AF
3515103;2019;0;0;1;1152;99,6;0,3;0,1;AI
3515103;2019;0;0;2;1211;99,7;0,2;0,1;AI
3515103;2019;0;0;3;1185;99,1;0,9;0;AI
3515103;2019;0;0;4;1094;99,7;0,2;0,1;AI
3515103;2019;0;0;5;1183;99,8;0,2;0;AI
3515103;2019;0;1;1;994;99,6;0,3;0,1;AI
3515103;2019;0;1;2;1068;99,7;0,2;0,1;AI
3515103;2019;0;1;3;1035;99;0,9;0,1;AI
3515103;2019;0;1;4;944;99,8;0,2;0;AI
3515103;2019;0;1;5;1031;99,9;0,1;0;AI
3515103;2019;0;2;1;158;100;0;0;AI
3515103;2019;0;2;2;143;100;0;0;AI
3515103;2019;0;2;3;150;99,3;0,7;0;AI
3515103;2019;0;2;4;150;99,3;0;0,7;AI
3515103;2019;0;2;5;152;99,3;0,7;0;AI
3515103;2019;2;0;1;379;99,7;0,3;0;AI
3515103;2019;2;0;2;571;100;0;0;AI
3515103;2019;2;0;3;504;100;0;0;AI
3515103;2019;2;0;4;481;100;0;0;AI
3515103;2019;2;0;5;550;100;0;0;AI
3515103;2019;2;1;1;379;99,7;0,3;0;AI
3515103;2019;2;1;2;571;100;0;0;AI
3515103;2019;2;1;3;504;100;0;0;AI
3515103;2019;2;1;4;481;100;0;0;AI
3515103;2019;2;1;5;550;100;0;0;AI
3515103;2019;3;0;1;508;99,4;0,4;0,2;AI
3515103;2019;3;0;2;372;99,5;0,3;0,2;AI
3515103;2019;3;0;3;404;98;1,8;0,2;AI
3515103;2019;3;0;4;354;99,7;0,3;0;AI
3515103;2019;3;0;5;359;100;0;0;AI
3515103;2019;3;1;1;477;99,3;0,4;0,3;AI
3515103;2019;3;1;2;355;99,4;0,3;0,3;AI
3515103;2019;3;1;3;383;97,9;1,9;0,2;AI
3515103;2019;3;1;4;334;99,7;0,3;0;AI
3515103;2019;3;1;5;336;100;0;0;AI
3515103;2019;3;2;1;31;100;0;0;AI
3515103;2019;3;2;2;17;100;0;0;AI
3515103;2019;3;2;3;21;100;0;0;AI
3515103;2019;3;2;4;20;100;0;0;AI
3515103;2019;3;2;5;23;100;0;0;AI
3515103;2019;4;0;1;265;100;0;0;AI
3515103;2019;4;0;2;268;99,6;0,4;0;AI
3515103;2019;4;0;3;277;98,9;1,1;0;AI
3515103;2019;4;0;4;259;99,2;0,4;0,4;AI
3515103;2019;4;0;5;274;99,3;0,7;0;AI
3515103;2019;4;1;1;138;100;0;0;AI
3515103;2019;4;1;2;142;99,3;0,7;0;AI
3515103;2019;4;1;3;148;98,7;1,3;0;AI
3515103;2019;4;1;4;129;99,2;0,8;0;AI
3515103;2019;4;1;5;145;99,3;0,7;0;AI
3515103;2019;4;2;1;127;100;0;0;AI
3515103;2019;4;2;2;126;100;0;0;AI
3515103;2019;4;2;3;129;99,2;0,8;0;AI
3515103;2019;4;2;4;130;99,2;0;0,8;AI
3515103;2019;4;2;5;129;99,2;0,8;0;AI
3515103;2019;5;0;1;887;99,5;0,3;0,2;AI
3515103;2019;5;0;2;943;99,8;0,1;0,1;AI
3515103;2019;5;0;3;908;99,1;0,8;0,1;AI
3515103;2019;5;0;4;835;99,9;0,1;0;AI
3515103;2019;5;0;5;909;100;0;0;AI
3515103;2019;5;1;1;856;99,5;0,4;0,1;AI
3515103;2019;5;1;2;926;99,8;0,1;0,1;AI
3515103;2019;5;1;3;887;99,1;0,8;0,1;AI
3515103;2019;5;1;4;815;99,9;0,1;0;AI
3515103;2019;5;1;5;886;100;0;0;AI
3515103;2019;5;2;1;31;100;0;0;AI
3515103;2019;5;2;2;17;100;0;0;AI
3515103;2019;5;2;3;21;100;0;0;AI
3515103;2019;5;2;4;20;100;0;0;AI
3515103;2019;5;2;5;23;100;0;0;AI
3515103;2019;0;0;10;1139;95,5;2,2;2,3;EM
3515103;2019;0;0;11;1073;96;1,4;2,6;EM
3515103;2019;0;0;12;1091;98;0,3;1,7;EM
3515103;2019;0;1;10;1139;95,5;2,2;2,3;EM
3515103;2019;0;1;11;1073;96;1,4;2,6;EM
3515103;2019;0;1;12;1091;98;0,3;1,7;EM
3515103;2019;0;2;10;0;0;0;0;EM
3515103;2019;0;2;11;0;0;0;0;EM
3515103;2019;0;2;12;0;0;0;0;EM
3515103;2019;2;0;10;998;94,8;2,5;2,7;EM
3515103;2019;2;0;11;961;95,5;1,6;2,9;EM
3515103;2019;2;0;12;999;97,8;0,3;1,9;EM
3515103;2019;2;1;10;998;94,8;2,5;2,7;EM
3515103;2019;2;1;11;961;95,5;1,6;2,9;EM
3515103;2019;2;1;12;999;97,8;0,3;1,9;EM
3515103;2019;3;0;10;0;0;0;0;EM
3515103;2019;3;0;11;0;0;0;0;EM
3515103;2019;3;0;12;0;0;0;0;EM
3515103;2019;3;1;10;0;0;0;0;EM
3515103;2019;3;1;11;0;0;0;0;EM
3515103;2019;3;1;12;0;0;0;0;EM
3515103;2019;3;2;10;0;0;0;0;EM
3515103;2019;3;2;11;0;0;0;0;EM
3515103;2019;3;2;12;0;0;0;0;EM
3515103;2019;4;0;10;141;100;0;0;EM
3515103;2019;4;0;11;112;100;0;0;EM
3515103;2019;4;0;12;92;100;0;0;EM
3515103;2019;4;1;10;141;100;0;0;EM
3515103;2019;4;1;11;112;100;0;0;EM
3515103;2019;4;1;12;92;100;0;0;EM
3515103;2019;4;2;10;0;0;0;0;EM
3515103;2019;4;2;11;0;0;0;0;EM
3515103;2019;4;2;12;0;0;0;0;EM
3515103;2019;5;0;10;998;94,8;2,5;2,7;EM
3515103;2019;5;0;11;961;95,5;1,6;2,9;EM
3515103;2019;5;0;12;999;97,8;0,3;1,9;EM
3515103;2019;5;1;10;998;94,8;2,5;2,7;EM
3515103;2019;5;1;11;961;95,5;1,6;2,9;EM
3515103;2019;5;1;12;999;97,8;0,3;1,9;EM
3515103;2019;5;2;10;0;0;0;0;EM
3515103;2019;5;2;11;0;0;0;0;EM
3515103;2019;5;2;12;0;0;0;0;EM
3515103;2020;0;0;6;1167;99,4;0,5;0,1;AF
3515103;2020;0;0;7;1170;100;0;0;AF
3515103;2020;0;0;8;1169;99,7;0,3;0;AF
3515103;2020;0;0;9;971;100;0;0;AF
3515103;2020;0;1;6;1092;99,9;0;0,1;AF
3515103;2020;0;1;7;1093;100;0;0;AF
3515103;2020;0;1;8;1110;99,9;0;0,1;AF
3515103;2020;0;1;9;913;100;0;0;AF
3515103;2020;0;2;6;75;91,9;8,1;0;AF
3515103;2020;0;2;7;77;100;0;0;AF
3515103;2020;0;2;8;59;94,8;5,2;0;AF
3515103;2020;0;2;9;58;100;0;0;AF
3515103;2020;2;0;6;834;99,9;0;0,1;AF
3515103;2020;2;0;7;837;100;0;0;AF
3515103;2020;2;0;8;882;100;0;0;AF
3515103;2020;2;0;9;746;100;0;0;AF
3515103;2020;2;1;6;834;99,9;0;0,1;AF
3515103;2020;2;1;7;837;100;0;0;AF
3515103;2020;2;1;8;882;100;0;0;AF
3515103;2020;2;1;9;746;100;0;0;AF
3515103;2020;3;0;6;88;100;0;0;AF
3515103;2020;3;0;7;76;100;0;0;AF
3515103;2020;3;0;8;70;100;0;0;AF
3515103;2020;3;0;9;55;100;0;0;AF
3515103;2020;3;1;6;88;100;0;0;AF
3515103;2020;3;1;7;76;100;0;0;AF
3515103;2020;3;1;8;70;100;0;0;AF
3515103;2020;3;1;9;55;100;0;0;AF
3515103;2020;3;2;6;0;0;0;0;AF
3515103;2020;3;2;7;0;0;0;0;AF
3515103;2020;3;2;8;0;0;0;0;AF
3515103;2020;3;2;9;0;0;0;0;AF
3515103;2020;4;0;6;245;97,5;2,5;0;AF
3515103;2020;4;0;7;257;100;0;0;AF
3515103;2020;4;0;8;217;98,1;1,4;0,5;AF
3515103;2020;4;0;9;170;100;0;0;AF
3515103;2020;4;1;6;170;100;0;0;AF
3515103;2020;4;1;7;180;100;0;0;AF
3515103;2020;4;1;8;158;99,4;0;0,6;AF
3515103;2020;4;1;9;112;100;0;0;AF
3515103;2020;4;2;6;75;91,9;8,1;0;AF
3515103;2020;4;2;7;77;100;0;0;AF
3515103;2020;4;2;8;59;94,8;5,2;0;AF
3515103;2020;4;2;9;58;100;0;0;AF
3515103;2020;5;0;6;922;99,9;0;0,1;AF
3515103;2020;5;0;7;913;100;0;0;AF
3515103;2020;5;0;8;952;100;0;0;AF
3515103;2020;5;0;9;801;100;0;0;AF
3515103;2020;5;1;6;922;99,9;0;0,1;AF
3515103;2020;5;1;7;913;100;0;0;AF
3515103;2020;5;1;8;952;100;0;0;AF
3515103;2020;5;1;9;801;100;0;0;AF
3515103;2020;5;2;6;0;0;0;0;AF
3515103;2020;5;2;7;0;0;0;0;AF
3515103;2020;5;2;8;0;0;0;0;AF
3515103;2020;5;2;9;0;0;0;0;AF
3515103;2020;0;0;1;1236;99,9;0;0,1;AI
3515103;2020;0;0;2;1149;99,8;0,2;0;AI
3515103;2020;0;0;3;1190;99,7;0,3;0;AI
3515103;2020;0;0;4;1166;99,9;0,1;0;AI
3515103;2020;0;0;5;1099;99,7;0,3;0;AI
3515103;2020;0;1;1;1091;99,9;0;0,1;AI
3515103;2020;0;1;2;1001;100;0;0;AI
3515103;2020;0;1;3;1053;99,9;0,1;0;AI
3515103;2020;0;1;4;1026;100;0;0;AI
3515103;2020;0;1;5;956;100;0;0;AI
3515103;2020;0;2;1;145;100;0;0;AI
3515103;2020;0;2;2;148;98,6;1,4;0;AI
3515103;2020;0;2;3;137;97,8;2,2;0;AI
3515103;2020;0;2;4;140;99,3;0,7;0;AI
3515103;2020;0;2;5;143;97,9;2,1;0;AI
3515103;2020;2;0;1;399;100;0;0;AI
3515103;2020;2;0;2;559;100;0;0;AI
3515103;2020;2;0;3;574;100;0;0;AI
3515103;2020;2;0;4;511;100;0;0;AI
3515103;2020;2;0;5;492;100;0;0;AI
3515103;2020;2;1;1;399;100;0;0;AI
3515103;2020;2;1;2;559;100;0;0;AI
3515103;2020;2;1;3;574;100;0;0;AI
3515103;2020;2;1;4;511;100;0;0;AI
3515103;2020;2;1;5;492;100;0;0;AI
3515103;2020;3;0;1;596;100;0;0;AI
3515103;2020;3;0;2;332;100;0;0;AI
3515103;2020;3;0;3;355;100;0;0;AI
3515103;2020;3;0;4;388;100;0;0;AI
3515103;2020;3;0;5;356;100;0;0;AI
3515103;2020;3;1;1;571;100;0;0;AI
3515103;2020;3;1;2;305;100;0;0;AI
3515103;2020;3;1;3;339;100;0;0;AI
3515103;2020;3;1;4;371;100;0;0;AI
3515103;2020;3;1;5;337;100;0;0;AI
3515103;2020;3;2;1;25;100;0;0;AI
3515103;2020;3;2;2;27;100;0;0;AI
3515103;2020;3;2;3;16;100;0;0;AI
3515103;2020;3;2;4;17;100;0;0;AI
3515103;2020;3;2;5;19;100;0;0;AI
3515103;2020;4;0;1;241;99,6;0;0,4;AI
3515103;2020;4;0;2;258;99,2;0,8;0;AI
3515103;2020;4;0;3;261;98,4;1,6;0;AI
3515103;2020;4;0;4;267;99,6;0,4;0;AI
3515103;2020;4;0;5;251;98,8;1,2;0;AI
3515103;2020;4;1;1;121;99,1;0;0,9;AI
3515103;2020;4;1;2;137;100;0;0;AI
3515103;2020;4;1;3;140;99,2;0,8;0;AI
3515103;2020;4;1;4;144;100;0;0;AI
3515103;2020;4;1;5;127;100;0;0;AI
3515103;2020;4;2;1;120;100;0;0;AI
3515103;2020;4;2;2;121;98,3;1,7;0;AI
3515103;2020;4;2;3;121;97,5;2,5;0;AI
3515103;2020;4;2;4;123;99,2;0,8;0;AI
3515103;2020;4;2;5;124;97,6;2,4;0;AI
3515103;2020;5;0;1;995;100;0;0;AI
3515103;2020;5;0;2;891;100;0;0;AI
3515103;2020;5;0;3;929;100;0;0;AI
3515103;2020;5;0;4;899;100;0;0;AI
3515103;2020;5;0;5;848;100;0;0;AI
3515103;2020;5;1;1;970;100;0;0;AI
3515103;2020;5;1;2;864;100;0;0;AI
3515103;2020;5;1;3;913;100;0;0;AI
3515103;2020;5;1;4;882;100;0;0;AI
3515103;2020;5;1;5;829;100;0;0;AI
3515103;2020;5;2;1;25;100;0;0;AI
3515103;2020;5;2;2;27;100;0;0;AI
3515103;2020;5;2;3;16;100;0;0;AI
3515103;2020;5;2;4;17;100;0;0;AI
3515103;2020;5;2;5;19;100;0;0;AI
3515103;2020;0;0;10;971;99,7;0,1;0,2;EM
3515103;2020;0;0;11;1081;99,9;0;0,1;EM
3515103;2020;0;0;12;1028;99,9;0;0,1;EM
3515103;2020;0;1;10;971;99,7;0,1;0,2;EM
3515103;2020;0;1;11;1081;99,9;0;0,1;EM
3515103;2020;0;1;12;1028;99,9;0;0,1;EM
3515103;2020;0;2;10;0;0;0;0;EM
3515103;2020;0;2;11;0;0;0;0;EM
3515103;2020;0;2;12;0;0;0;0;EM
3515103;2020;2;0;10;839;99,8;0;0,2;EM
3515103;2020;2;0;11;951;99,9;0;0,1;EM
3515103;2020;2;0;12;915;99,9;0;0,1;EM
3515103;2020;2;1;10;839;99,8;0;0,2;EM
3515103;2020;2;1;11;951;99,9;0;0,1;EM
3515103;2020;2;1;12;915;99,9;0;0,1;EM
3515103;2020;3;0;10;0;0;0;0;EM
3515103;2020;3;0;11;0;0;0;0;EM
3515103;2020;3;0;12;0;0;0;0;EM
3515103;2020;3;1;10;0;0;0;0;EM
3515103;2020;3;1;11;0;0;0;0;EM
3515103;2020;3;1;12;0;0;0;0;EM
3515103;2020;3;2;10;0;0;0;0;EM
3515103;2020;3;2;11;0;0;0;0;EM
3515103;2020;3;2;12;0;0;0;0;EM
3515103;2020;4;0;10;132;99,2;0,8;0;EM
3515103;2020;4;0;11;130;100;0;0;EM
3515103;2020;4;0;12;113;100;0;0;EM
3515103;2020;4;1;10;132;99,2;0,8;0;EM
3515103;2020;4;1;11;130;100;0;0;EM
3515103;2020;4;1;12;113;100;0;0;EM
3515103;2020;4;2;10;0;0;0;0;EM
3515103;2020;4;2;11;0;0;0;0;EM
3515103;2020;4;2;12;0;0;0;0;EM
3515103;2020;5;0;10;839;99,8;0;0,2;EM
3515103;2020;5;0;11;951;99,9;0;0,1;EM
3515103;2020;5;0;12;915;99,9;0;0,1;EM
3515103;2020;5;1;10;839;99,8;0;0,2;EM
3515103;2020;5;1;11;951;99,9;0;0,1;EM
3515103;2020;5;1;12;915;99,9;0;0,1;EM
3515103;2020;5;2;10;0;0;0;0;EM
3515103;2020;5;2;11;0;0;0;0;EM
3515103;2020;5;2;12;0;0;0;0;EM
3515103;2021;0;0;6;1086;99,5;0,2;0,3;AF
3515103;2021;0;0;7;1181;99,4;0,3;0,3;AF
3515103;2021;0;0;8;1164;99,4;0,5;0,1;AF
3515103;2021;0;0;9;1149;99,7;0,1;0,2;AF
3515103;2021;0;1;6;0;99,7;0;0,3;AF
3515103;2021;0;1;7;0;99,6;0,1;0,3;AF
3515103;2021;0;1;8;0;99,9;0;0,1;AF
3515103;2021;0;1;9;0;99,6;0,1;0,3;AF
3515103;2021;0;2;6;0;97,1;2,9;0;AF
3515103;2021;0;2;7;0;96,9;3,1;0;AF
3515103;2021;0;2;8;0;91,4;8,6;0;AF
3515103;2021;0;2;9;0;100;0;0;AF
3515103;2021;2;0;6;802;99,6;0;0,4;AF
3515103;2021;2;0;7;861;99,7;0;0,3;AF
3515103;2021;2;0;8;852;99,9;0;0,1;AF
3515103;2021;2;0;9;881;99,7;0;0,3;AF
3515103;2021;2;1;6;0;99,6;0;0,4;AF
3515103;2021;2;1;7;0;99,7;0;0,3;AF
3515103;2021;2;1;8;0;99,9;0;0,1;AF
3515103;2021;2;1;9;0;99,7;0;0,3;AF
3515103;2021;3;0;6;85;100;0;0;AF
3515103;2021;3;0;7;82;97,5;1,2;1,3;AF
3515103;2021;3;0;8;70;100;0;0;AF
3515103;2021;3;0;9;65;100;0;0;AF
3515103;2021;3;1;6;0;100;0;0;AF
3515103;2021;3;1;7;0;97,5;1,2;1,3;AF
3515103;2021;3;1;8;0;100;0;0;AF
3515103;2021;3;1;9;0;100;0;0;AF
3515103;2021;3;2;6;0;0;0;0;AF
3515103;2021;3;2;7;0;0;0;0;AF
3515103;2021;3;2;8;0;0;0;0;AF
3515103;2021;3;2;9;0;0;0;0;AF
3515103;2021;4;0;6;199;99;1;0;AF
3515103;2021;4;0;7;238;99,2;0,8;0;AF
3515103;2021;4;0;8;242;97,4;2,6;0;AF
3515103;2021;4;0;9;203;99,5;0,5;0;AF
3515103;2021;4;1;6;0;100;0;0;AF
3515103;2021;4;1;7;0;100;0;0;AF
3515103;2021;4;1;8;0;100;0;0;AF
3515103;2021;4;1;9;0;99,3;0,7;0;AF
3515103;2021;4;2;6;0;97,1;2,9;0;AF
3515103;2021;4;2;7;0;96,9;3,1;0;AF
3515103;2021;4;2;8;0;91,4;8,6;0;AF
3515103;2021;4;2;9;0;100;0;0;AF
3515103;2021;5;0;6;887;99,7;0;0,3;AF
3515103;2021;5;0;7;943;99,5;0,1;0,4;AF
3515103;2021;5;0;8;922;99,9;0;0,1;AF
3515103;2021;5;0;9;946;99,7;0;0,3;AF
3515103;2021;5;1;6;0;99,7;0;0,3;AF
3515103;2021;5;1;7;0;99,5;0,1;0,4;AF
3515103;2021;5;1;8;0;99,9;0;0,1;AF
3515103;2021;5;1;9;0;99,7;0;0,3;AF
3515103;2021;5;2;6;0;0;0;0;AF
3515103;2021;5;2;7;0;0;0;0;AF
3515103;2021;5;2;8;0;0;0;0;AF
3515103;2021;5;2;9;0;0;0;0;AF
3515103;2021;0;0;1;1078;99,6;0,2;0,2;AI
3515103;2021;0;0;2;1226;99,9;0;0,1;AI
3515103;2021;0;0;3;1160;99,7;0;0,3;AI
3515103;2021;0;0;4;1177;99,5;0,3;0,2;AI
3515103;2021;0;0;5;1159;99,4;0,4;0,2;AI
3515103;2021;0;1;1;0;99,6;0,2;0,2;AI
3515103;2021;0;1;2;0;99,9;0;0,1;AI
3515103;2021;0;1;3;0;99,7;0;0,3;AI
3515103;2021;0;1;4;0;99,6;0,2;0,2;AI
3515103;2021;0;1;5;0;99,6;0,1;0,3;AI
3515103;2021;0;2;1;0;100;0;0;AI
3515103;2021;0;2;2;0;100;0;0;AI
3515103;2021;0;2;3;0;100;0;0;AI
3515103;2021;0;2;4;0;98,4;1,6;0;AI
3515103;2021;0;2;5;0;97,6;2,4;0;AI
3515103;2021;2;0;1;320;99,7;0;0,3;AI
3515103;2021;2;0;2;611;99,8;0;0,2;AI
3515103;2021;2;0;3;579;100;0;0;AI
3515103;2021;2;0;4;575;99,8;0;0,2;AI
3515103;2021;2;0;5;524;100;0;0;AI
3515103;2021;2;1;1;0;99,7;0;0,3;AI
3515103;2021;2;1;2;0;99,8;0;0,2;AI
3515103;2021;2;1;3;0;100;0;0;AI
3515103;2021;2;1;4;0;99,8;0;0,2;AI
3515103;2021;2;1;5;0;100;0;0;AI
3515103;2021;3;0;1;570;99,5;0,4;0,1;AI
3515103;2021;3;0;2;399;100;0;0;AI
3515103;2021;3;0;3;341;99,1;0;0,9;AI
3515103;2021;3;0;4;368;99,2;0,6;0,2;AI
3515103;2021;3;0;5;377;99,2;0;0,8;AI
3515103;2021;3;1;1;0;99,4;0,4;0,2;AI
3515103;2021;3;1;2;0;100;0;0;AI
3515103;2021;3;1;3;0;99;0;1;AI
3515103;2021;3;1;4;0;99,1;0,6;0,3;AI
3515103;2021;3;1;5;0;99,1;0;0,9;AI
3515103;2021;3;2;1;0;100;0;0;AI
3515103;2021;3;2;2;0;100;0;0;AI
3515103;2021;3;2;3;0;100;0;0;AI
3515103;2021;3;2;4;0;100;0;0;AI
3515103;2021;3;2;5;0;100;0;0;AI
3515103;2021;4;0;1;188;100;0;0;AI
3515103;2021;4;0;2;216;100;0;0;AI
3515103;2021;4;0;3;240;100;0;0;AI
3515103;2021;4;0;4;234;99,2;0,8;0;AI
3515103;2021;4;0;5;258;98,4;1,6;0;AI
3515103;2021;4;1;1;0;100;0;0;AI
3515103;2021;4;1;2;0;100;0;0;AI
3515103;2021;4;1;3;0;100;0;0;AI
3515103;2021;4;1;4;0;100;0;0;AI
3515103;2021;4;1;5;0;99,3;0,7;0;AI
3515103;2021;4;2;1;0;100;0;0;AI
3515103;2021;4;2;2;0;100;0;0;AI
3515103;2021;4;2;3;0;100;0;0;AI
3515103;2021;4;2;4;0;98,1;1,9;0;AI
3515103;2021;4;2;5;0;97,3;2,7;0;AI
3515103;2021;5;0;1;890;99,5;0,2;0,3;AI
3515103;2021;5;0;2;1010;99,9;0;0,1;AI
3515103;2021;5;0;3;920;99,7;0;0,3;AI
3515103;2021;5;0;4;943;99,6;0,2;0,2;AI
3515103;2021;5;0;5;901;99,7;0;0,3;AI
3515103;2021;5;1;1;0;99,5;0,2;0,3;AI
3515103;2021;5;1;2;0;99,9;0;0,1;AI
3515103;2021;5;1;3;0;99,7;0;0,3;AI
3515103;2021;5;1;4;0;99,6;0,2;0,2;AI
3515103;2021;5;1;5;0;99,7;0;0,3;AI
3515103;2021;5;2;1;0;100;0;0;AI
3515103;2021;5;2;2;0;100;0;0;AI
3515103;2021;5;2;3;0;100;0;0;AI
3515103;2021;5;2;4;0;100;0;0;AI
3515103;2021;5;2;5;0;100;0;0;AI
3515103;2021;0;0;10;941;99,5;0,1;0,4;EM
3515103;2021;0;0;11;980;99,3;0,1;0,6;EM
3515103;2021;0;0;12;1087;98,5;0,1;1,4;EM
3515103;2021;0;1;10;0;99,5;0,1;0,4;EM
3515103;2021;0;1;11;0;99,3;0,1;0,6;EM
3515103;2021;0;1;12;0;98,5;0,1;1,4;EM
3515103;2021;0;2;10;0;0;0;0;EM
3515103;2021;0;2;11;0;0;0;0;EM
3515103;2021;0;2;12;0;0;0;0;EM
3515103;2021;2;0;10;827;99,4;0,1;0,5;EM
3515103;2021;2;0;11;860;99,3;0;0,7;EM
3515103;2021;2;0;12;955;98,3;0,1;1,6;EM
3515103;2021;2;1;10;0;99,4;0,1;0,5;EM
3515103;2021;2;1;11;0;99,3;0;0,7;EM
3515103;2021;2;1;12;0;98,3;0,1;1,6;EM
3515103;2021;3;0;10;0;0;0;0;EM
3515103;2021;3;0;11;0;0;0;0;EM
3515103;2021;3;0;12;0;0;0;0;EM
3515103;2021;3;1;10;0;0;0;0;EM
3515103;2021;3;1;11;0;0;0;0;EM
3515103;2021;3;1;12;0;0;0;0;EM
3515103;2021;3;2;10;0;0;0;0;EM
3515103;2021;3;2;11;0;0;0;0;EM
3515103;2021;3;2;12;0;0;0;0;EM
3515103;2021;4;0;10;114;100;0;0;EM
3515103;2021;4;0;11;120;99,2;0,8;0;EM
3515103;2021;4;0;12;132;100;0;0;EM
3515103;2021;4;1;10;0;100;0;0;EM
3515103;2021;4;1;11;0;99,2;0,8;0;EM
3515103;2021;4;1;12;0;100;0;0;EM
3515103;2021;4;2;10;0;0;0;0;EM
3515103;2021;4;2;11;0;0;0;0;EM
3515103;2021;4;2;12;0;0;0;0;EM
3515103;2021;5;0;10;827;99,4;0,1;0,5;EM
3515103;2021;5;0;11;860;99,3;0;0,7;EM
3515103;2021;5;0;12;955;98,3;0,1;1,6;EM
3515103;2021;5;1;10;0;99,4;0,1;0,5;EM
3515103;2021;5;1;11;0;99,3;0;0,7;EM
3515103;2021;5;1;12;0;98,3;0,1;1,6;EM
3515103;2021;5;2;10;0;0;0;0;EM
3515103;2021;5;2;11;0;0;0;0;EM
3515103;2021;5;2;12;0;0;0;0;EM
3515103;2022;0;0;6;1127;99,9;0;0,1;AF
3515103;2022;0;0;7;1089;99,7;0,3;0;AF
3515103;2022;0;0;8;1169;99,3;0,4;0,3;AF
3515103;2022;0;0;9;1181;99,7;0,3;0;AF
3515103;2022;0;1;6;0;99,9;0;0,1;AF
3515103;2022;0;1;7;0;99,9;0,1;0;AF
3515103;2022;0;1;8;0;99,6;0,1;0,3;AF
3515103;2022;0;1;9;0;99,6;0,3;0,1;AF
3515103;2022;0;2;6;0;100;0;0;AF
3515103;2022;0;2;7;0;96,8;3,2;0;AF
3515103;2022;0;2;8;0;92,5;7,5;0;AF
3515103;2022;0;2;9;0;100;0;0;AF
3515103;2022;2;0;6;833;99,9;0;0,1;AF
3515103;2022;2;0;7;813;100;0;0;AF
3515103;2022;2;0;8;869;99,6;0;0,4;AF
3515103;2022;2;0;9;890;99,8;0,2;0;AF
3515103;2022;2;1;6;0;99,9;0;0,1;AF
3515103;2022;2;1;7;0;100;0;0;AF
3515103;2022;2;1;8;0;99,6;0;0,4;AF
3515103;2022;2;1;9;0;99,8;0,2;0;AF
3515103;2022;3;0;6;89;100;0;0;AF
3515103;2022;3;0;7;82;100;0;0;AF
3515103;2022;3;0;8;79;100;0;0;AF
3515103;2022;3;0;9;68;98,4;0;1,6;AF
3515103;2022;3;1;6;0;100;0;0;AF
3515103;2022;3;1;7;0;100;0;0;AF
3515103;2022;3;1;8;0;100;0;0;AF
3515103;2022;3;1;9;0;98,4;0;1,6;AF
3515103;2022;3;2;6;0;0;0;0;AF
3515103;2022;3;2;7;0;0;0;0;AF
3515103;2022;3;2;8;0;0;0;0;AF
3515103;2022;3;2;9;0;0;0;0;AF
3515103;2022;4;0;6;205;100;0;0;AF
3515103;2022;4;0;7;194;98,5;1,5;0;AF
3515103;2022;4;0;8;221;97,7;2,3;0;AF
3515103;2022;4;0;9;223;99,5;0,5;0;AF
3515103;2022;4;1;6;0;100;0;0;AF
3515103;2022;4;1;7;0;99,2;0,8;0;AF
3515103;2022;4;1;8;0;99,4;0,6;0;AF
3515103;2022;4;1;9;0;99,4;0,6;0;AF
3515103;2022;4;2;6;0;100;0;0;AF
3515103;2022;4;2;7;0;96,8;3,2;0;AF
3515103;2022;4;2;8;0;92,5;7,5;0;AF
3515103;2022;4;2;9;0;100;0;0;AF
3515103;2022;5;0;6;922;99,9;0;0,1;AF
3515103;2022;5;0;7;895;100;0;0;AF
3515103;2022;5;0;8;948;99,7;0;0,3;AF
3515103;2022;5;0;9;958;99,7;0,2;0,1;AF
3515103;2022;5;1;6;0;99,9;0;0,1;AF
3515103;2022;5;1;7;0;100;0;0;AF
3515103;2022;5;1;8;0;99,7;0;0,3;AF
3515103;2022;5;1;9;0;99,7;0,2;0,1;AF
3515103;2022;5;2;6;0;0;0;0;AF
3515103;2022;5;2;7;0;0;0;0;AF
3515103;2022;5;2;8;0;0;0;0;AF
3515103;2022;5;2;9;0;0;0;0;AF
3515103;2022;0;0;1;1073;99,7;0;0,3;AI
3515103;2022;0;0;2;1085;100;0;0;AI
3515103;2022;0;0;3;1231;99,8;0,1;0,1;AI
3515103;2022;0;0;4;1158;99,8;0,1;0,1;AI
3515103;2022;0;0;5;1181;99,5;0,3;0,2;AI
3515103;2022;0;1;1;0;99,8;0;0,2;AI
3515103;2022;0;1;2;0;100;0;0;AI
3515103;2022;0;1;3;0;99,8;0,1;0,1;AI
3515103;2022;0;1;4;0;99,9;0;0,1;AI
3515103;2022;0;1;5;0;99,5;0,2;0,3;AI
3515103;2022;0;2;1;0;98,7;0;1,3;AI
3515103;2022;0;2;2;0;100;0;0;AI
3515103;2022;0;2;3;0;100;0;0;AI
3515103;2022;0;2;4;0;99,2;0,8;0;AI
3515103;2022;0;2;5;0;99,1;0,9;0;AI
3515103;2022;2;0;1;338;100;0;0;AI
3515103;2022;2;0;2;550;100;0;0;AI
3515103;2022;2;0;3;615;100;0;0;AI
3515103;2022;2;0;4;591;99,8;0;0,2;AI
3515103;2022;2;0;5;592;99,7;0;0,3;AI
3515103;2022;2;1;1;0;100;0;0;AI
3515103;2022;2;1;2;0;100;0;0;AI
3515103;2022;2;1;3;0;100;0;0;AI
3515103;2022;2;1;4;0;99,8;0;0,2;AI
3515103;2022;2;1;5;0;99,7;0;0,3;AI
3515103;2022;3;0;1;561;99,5;0;0,5;AI
3515103;2022;3;0;2;336;100;0;0;AI
3515103;2022;3;0;3;389;99,7;0;0,3;AI
3515103;2022;3;0;4;324;100;0;0;AI
3515103;2022;3;0;5;353;99,7;0;0,3;AI
3515103;2022;3;1;1;0;99,6;0;0,4;AI
3515103;2022;3;1;2;0;100;0;0;AI
3515103;2022;3;1;3;0;99,7;0;0,3;AI
3515103;2022;3;1;4;0;100;0;0;AI
3515103;2022;3;1;5;0;99,7;0;0,3;AI
3515103;2022;3;2;1;0;96,4;0;3,6;AI
3515103;2022;3;2;2;0;100;0;0;AI
3515103;2022;3;2;3;0;100;0;0;AI
3515103;2022;3;2;4;0;100;0;0;AI
3515103;2022;3;2;5;0;100;0;0;AI
3515103;2022;4;0;1;174;100;0;0;AI
3515103;2022;4;0;2;199;100;0;0;AI
3515103;2022;4;0;3;227;99,6;0,4;0;AI
3515103;2022;4;0;4;243;99,6;0,4;0;AI
3515103;2022;4;0;5;236;98,7;1,3;0;AI
3515103;2022;4;1;1;0;100;0;0;AI
3515103;2022;4;1;2;0;100;0;0;AI
3515103;2022;4;1;3;0;99,3;0,7;0;AI
3515103;2022;4;1;4;0;100;0;0;AI
3515103;2022;4;1;5;0;98,6;1,4;0;AI
3515103;2022;4;2;1;0;100;0;0;AI
3515103;2022;4;2;2;0;100;0;0;AI
3515103;2022;4;2;3;0;100;0;0;AI
3515103;2022;4;2;4;0;99;1;0;AI
3515103;2022;4;2;5;0;98,9;1,1;0;AI
3515103;2022;5;0;1;899;99,7;0;0,3;AI
3515103;2022;5;0;2;886;100;0;0;AI
3515103;2022;5;0;3;1004;99,9;0;0,1;AI
3515103;2022;5;0;4;915;99,9;0;0,1;AI
3515103;2022;5;0;5;945;99,7;0;0,3;AI
3515103;2022;5;1;1;0;99,8;0;0,2;AI
3515103;2022;5;1;2;0;100;0;0;AI
3515103;2022;5;1;3;0;99,9;0;0,1;AI
3515103;2022;5;1;4;0;99,9;0;0,1;AI
3515103;2022;5;1;5;0;99,7;0;0,3;AI
3515103;2022;5;2;1;0;96,4;0;3,6;AI
3515103;2022;5;2;2;0;100;0;0;AI
3515103;2022;5;2;3;0;100;0;0;AI
3515103;2022;5;2;4;0;100;0;0;AI
3515103;2022;5;2;5;0;100;0;0;AI
3515103;2022;0;0;10;1106;98;1,4;0,6;EM
3515103;2022;0;0;11;1197;97,6;1,6;0,8;EM
3515103;2022;0;0;12;980;98,5;0;1,5;EM
3515103;2022;0;1;10;0;98;1,4;0,6;EM
3515103;2022;0;1;11;0;97,6;1,6;0,8;EM
3515103;2022;0;1;12;0;98,5;0;1,5;EM
3515103;2022;0;2;10;0;0;0;0;EM
3515103;2022;0;2;11;0;0;0;0;EM
3515103;2022;0;2;12;0;0;0;0;EM
3515103;2022;2;0;10;945;97,9;1,4;0,7;EM
3515103;2022;2;0;11;1088;97,4;1,8;0,8;EM
3515103;2022;2;0;12;865;98,2;0;1,8;EM
3515103;2022;2;1;10;0;97,9;1,4;0,7;EM
3515103;2022;2;1;11;0;97,4;1,8;0,8;EM
3515103;2022;2;1;12;0;98,2;0;1,8;EM
3515103;2022;3;0;10;0;0;0;0;EM
3515103;2022;3;0;11;0;0;0;0;EM
3515103;2022;3;0;12;0;0;0;0;EM
3515103;2022;3;1;10;0;0;0;0;EM
3515103;2022;3;1;11;0;0;0;0;EM
3515103;2022;3;1;12;0;0;0;0;EM
3515103;2022;3;2;10;0;0;0;0;EM
3515103;2022;3;2;11;0;0;0;0;EM
3515103;2022;3;2;12;0;0;0;0;EM
3515103;2022;4;0;10;161;98,7;1,3;0;EM
3515103;2022;4;0;11;109;100;0;0;EM
3515103;2022;4;0;12;115;100;0;0;EM
3515103;2022;4;1;10;0;98,7;1,3;0;EM
3515103;2022;4;1;11;0;100;0;0;EM
3515103;2022;4;1;12;0;100;0;0;EM
3515103;2022;4;2;10;0;0;0;0;EM
3515103;2022;4;2;11;0;0;0;0;EM
3515103;2022;4;2;12;0;0;0;0;EM
3515103;2022;5;0;10;945;97,9;1,4;0,7;EM
3515103;2022;5;0;11;1088;97,4;1,8;0,8;EM
3515103;2022;5;0;12;865;98,2;0;1,8;EM
3515103;2022;5;1;10;0;97,9;1,4;0,7;EM
3515103;2022;5;1;11;0;97,4;1,8;0,8;EM
3515103;2022;5;1;12;0;98,2;0;1,8;EM
3515103;2022;5;2;10;0;0;0;0;EM
3515103;2022;5;2;11;0;0;0;0;EM
3515103;2022;5;2;12;0;0;0;0;EM
